,elite_avg,env,evals,max,mean,median
0,260.0,GravitarDeterministic-v4,586080.0,600.0,33.4,0.0
1,370.0,GravitarDeterministic-v4,1206982.0,750.0,52.9,0.0
2,430.0,GravitarDeterministic-v4,1881562.0,850.0,82.0,0.0
3,430.0,GravitarDeterministic-v4,2605062.0,950.0,117.15,0.0
4,470.0,GravitarDeterministic-v4,3364792.0,850.0,136.5,100.0
5,530.0,GravitarDeterministic-v4,4132972.0,2200.0,158.7,100.0
6,470.0,GravitarDeterministic-v4,4910405.0,1050.0,164.95,100.0
7,620.0,GravitarDeterministic-v4,5702284.0,1150.0,191.85,250.0
8,580.0,GravitarDeterministic-v4,6498389.0,1050.0,189.35,250.0
9,520.0,GravitarDeterministic-v4,7301807.0,1050.0,206.45,250.0
10,570.0,GravitarDeterministic-v4,8095711.0,1050.0,206.35,250.0
11,530.0,GravitarDeterministic-v4,8892269.0,1000.0,235.5,250.0
12,520.0,GravitarDeterministic-v4,9690656.0,1050.0,258.35,250.0
13,590.0,GravitarDeterministic-v4,10484934.0,1100.0,269.0,250.0
14,590.0,GravitarDeterministic-v4,11282960.0,1150.0,279.9,250.0
15,570.0,GravitarDeterministic-v4,12093975.0,2000.0,276.3,250.0
16,780.0,GravitarDeterministic-v4,12895105.0,1100.0,278.25,250.0
17,570.0,GravitarDeterministic-v4,13695307.0,1150.0,282.15,250.0
18,660.0,GravitarDeterministic-v4,14508035.0,1300.0,299.25,250.0
19,810.0,GravitarDeterministic-v4,15312498.0,1150.0,292.75,250.0
20,660.0,GravitarDeterministic-v4,16110355.0,2100.0,300.75,250.0
21,550.0,GravitarDeterministic-v4,16922012.0,1100.0,311.1,250.0
22,760.0,GravitarDeterministic-v4,17739992.0,2100.0,330.8,350.0
23,580.0,GravitarDeterministic-v4,18560431.0,1050.0,345.65,350.0
24,560.0,GravitarDeterministic-v4,19378353.0,1150.0,336.9,350.0
25,640.0,GravitarDeterministic-v4,20195456.0,1300.0,342.55,350.0
26,740.0,GravitarDeterministic-v4,21013926.0,2100.0,356.5,350.0
27,570.0,GravitarDeterministic-v4,21839990.0,1200.0,377.45,350.0
28,760.0,GravitarDeterministic-v4,22656437.0,2000.0,372.7,350.0
29,810.0,GravitarDeterministic-v4,23486355.0,1200.0,395.25,450.0
30,950.0,GravitarDeterministic-v4,24301831.0,1200.0,368.05,350.0
31,780.0,GravitarDeterministic-v4,25116241.0,1050.0,374.7,350.0
32,540.0,GravitarDeterministic-v4,25948809.0,1150.0,387.05,450.0
33,950.0,GravitarDeterministic-v4,26776980.0,2000.0,399.4,450.0
34,860.0,GravitarDeterministic-v4,27604367.0,2000.0,384.1,350.0
35,950.0,GravitarDeterministic-v4,28437233.0,1050.0,397.0,450.0
36,950.0,GravitarDeterministic-v4,29269105.0,1150.0,398.45,450.0
37,840.0,GravitarDeterministic-v4,30101358.0,1150.0,392.25,450.0
38,950.0,GravitarDeterministic-v4,30924136.0,1250.0,400.5,450.0
39,860.0,GravitarDeterministic-v4,31763829.0,1100.0,406.65,500.0
40,830.0,GravitarDeterministic-v4,32591855.0,1100.0,410.55,450.0
41,670.0,GravitarDeterministic-v4,33417540.0,2100.0,396.9,450.0
42,950.0,GravitarDeterministic-v4,34248338.0,1100.0,398.75,450.0
43,910.0,GravitarDeterministic-v4,35080815.0,1150.0,384.5,350.0
44,880.0,GravitarDeterministic-v4,35911711.0,1200.0,395.25,450.0
45,830.0,GravitarDeterministic-v4,36738054.0,1100.0,402.55,500.0
46,900.0,GravitarDeterministic-v4,37577327.0,2450.0,405.6,500.0
47,830.0,GravitarDeterministic-v4,38399391.0,2000.0,420.1,500.0
48,900.0,GravitarDeterministic-v4,39221486.0,2000.0,409.35,450.0
49,920.0,GravitarDeterministic-v4,40051218.0,2100.0,400.4,450.0
50,930.0,GravitarDeterministic-v4,40873469.0,2100.0,403.75,450.0
51,770.0,GravitarDeterministic-v4,41711123.0,1250.0,403.25,450.0
52,880.0,GravitarDeterministic-v4,42534384.0,1150.0,413.75,500.0
53,840.0,GravitarDeterministic-v4,43358252.0,1150.0,392.65,450.0
54,890.0,GravitarDeterministic-v4,44193842.0,1200.0,394.75,450.0
55,890.0,GravitarDeterministic-v4,45028020.0,1200.0,410.5,500.0
56,1050.0,GravitarDeterministic-v4,45858280.0,1150.0,401.2,450.0
57,2100.0,GravitarDeterministic-v4,46690285.0,2100.0,392.6,450.0
58,1260.0,GravitarDeterministic-v4,47524328.0,2100.0,404.95,500.0
59,1780.0,GravitarDeterministic-v4,48356504.0,2100.0,382.8,450.0
60,1310.0,GravitarDeterministic-v4,49192332.0,2100.0,405.6,500.0
61,860.0,GravitarDeterministic-v4,50013589.0,1200.0,395.7,450.0
62,2100.0,GravitarDeterministic-v4,50835302.0,2100.0,398.95,450.0
63,1410.0,GravitarDeterministic-v4,51666136.0,2100.0,390.9,450.0
64,1050.0,GravitarDeterministic-v4,52491912.0,1250.0,399.8,450.0
65,1700.0,GravitarDeterministic-v4,53330724.0,2100.0,407.5,500.0
66,2000.0,GravitarDeterministic-v4,54168387.0,2100.0,401.9,450.0
67,2100.0,GravitarDeterministic-v4,55003667.0,2100.0,417.1,500.0
68,1680.0,GravitarDeterministic-v4,55828311.0,2100.0,422.7,500.0
69,1650.0,GravitarDeterministic-v4,56661713.0,2100.0,413.65,500.0
70,1650.0,GravitarDeterministic-v4,57499825.0,2000.0,428.55,500.0
71,1320.0,GravitarDeterministic-v4,58337615.0,2000.0,421.35,500.0
72,1300.0,GravitarDeterministic-v4,59167077.0,2000.0,395.2,450.0
73,1250.0,GravitarDeterministic-v4,60000514.0,2000.0,406.2,500.0
74,1650.0,GravitarDeterministic-v4,60836871.0,2000.0,412.95,500.0
75,2000.0,GravitarDeterministic-v4,61668412.0,2000.0,407.2,500.0
76,1300.0,GravitarDeterministic-v4,62509023.0,2000.0,407.15,450.0
77,1270.0,GravitarDeterministic-v4,63335328.0,2000.0,415.5,500.0
78,1250.0,GravitarDeterministic-v4,64163893.0,2000.0,430.5,500.0
79,1290.0,GravitarDeterministic-v4,64995851.0,2000.0,420.25,500.0
80,1700.0,GravitarDeterministic-v4,65822660.0,2000.0,412.55,500.0
81,2100.0,GravitarDeterministic-v4,66652051.0,2200.0,409.45,500.0
82,1370.0,GravitarDeterministic-v4,67471176.0,2100.0,416.2,500.0
83,2000.0,GravitarDeterministic-v4,68295829.0,2100.0,416.35,500.0
84,1430.0,GravitarDeterministic-v4,69134081.0,1250.0,417.8,500.0
85,1190.0,GravitarDeterministic-v4,69955464.0,2000.0,412.0,500.0
86,1650.0,GravitarDeterministic-v4,70793598.0,2100.0,422.25,500.0
87,2100.0,GravitarDeterministic-v4,71620279.0,2100.0,419.9,500.0
88,1820.0,GravitarDeterministic-v4,72453436.0,2100.0,418.8,500.0
89,2100.0,GravitarDeterministic-v4,73280789.0,2100.0,420.8,500.0
90,2000.0,GravitarDeterministic-v4,74106517.0,2100.0,413.4,500.0
91,2100.0,GravitarDeterministic-v4,74941207.0,2100.0,414.5,500.0
92,1620.0,GravitarDeterministic-v4,75768454.0,2000.0,425.55,500.0
93,1250.0,GravitarDeterministic-v4,76608204.0,2000.0,427.05,500.0
94,2100.0,GravitarDeterministic-v4,77433188.0,2100.0,422.65,500.0
95,2000.0,GravitarDeterministic-v4,78272759.0,2100.0,418.8,500.0
96,1750.0,GravitarDeterministic-v4,79108609.0,2000.0,411.8,500.0
97,1200.0,GravitarDeterministic-v4,79938732.0,2000.0,419.8,500.0
98,2000.0,GravitarDeterministic-v4,80772492.0,2000.0,429.8,500.0
99,1720.0,GravitarDeterministic-v4,81617188.0,2000.0,421.65,500.0
100,2100.0,GravitarDeterministic-v4,82459980.0,2100.0,434.3,500.0
101,2000.0,GravitarDeterministic-v4,83297720.0,2100.0,437.1,500.0
102,2100.0,GravitarDeterministic-v4,84140679.0,2100.0,444.35,500.0
103,2000.0,GravitarDeterministic-v4,84984460.0,2000.0,437.3,500.0
104,2000.0,GravitarDeterministic-v4,85827706.0,2100.0,440.75,500.0
105,2000.0,GravitarDeterministic-v4,86678470.0,2100.0,441.35,500.0
106,2000.0,GravitarDeterministic-v4,87535795.0,2100.0,458.1,500.0
107,1800.0,GravitarDeterministic-v4,88384087.0,2100.0,470.45,550.0
108,2000.0,GravitarDeterministic-v4,89232904.0,2000.0,450.4,500.0
109,2000.0,GravitarDeterministic-v4,90085419.0,2200.0,443.6,500.0
110,2000.0,GravitarDeterministic-v4,90936790.0,2200.0,457.3,500.0
111,2200.0,GravitarDeterministic-v4,91783754.0,2200.0,459.9,500.0
112,2100.0,GravitarDeterministic-v4,92631634.0,2200.0,452.95,550.0
113,1680.0,GravitarDeterministic-v4,93480588.0,2200.0,449.25,500.0
114,2100.0,GravitarDeterministic-v4,94335975.0,2100.0,453.0,550.0
115,1430.0,GravitarDeterministic-v4,95181950.0,2200.0,460.6,575.0
116,2100.0,GravitarDeterministic-v4,96033023.0,2100.0,462.95,600.0
117,2100.0,GravitarDeterministic-v4,96878706.0,2100.0,456.2,500.0
118,2000.0,GravitarDeterministic-v4,97735383.0,2100.0,484.85,600.0
119,2100.0,GravitarDeterministic-v4,98577657.0,2100.0,462.75,600.0
120,2000.0,GravitarDeterministic-v4,99424380.0,2200.0,486.7,600.0
121,2100.0,GravitarDeterministic-v4,100276113.0,2400.0,487.4,600.0
122,2100.0,GravitarDeterministic-v4,101130918.0,2400.0,460.6,500.0
123,2100.0,GravitarDeterministic-v4,101988285.0,2400.0,475.55,550.0
124,2400.0,GravitarDeterministic-v4,102847685.0,2400.0,489.35,600.0
125,2100.0,GravitarDeterministic-v4,103700293.0,2400.0,469.7,500.0
126,2400.0,GravitarDeterministic-v4,104556765.0,2400.0,487.55,600.0
127,2100.0,GravitarDeterministic-v4,105400715.0,2400.0,482.25,600.0
128,2400.0,GravitarDeterministic-v4,106247176.0,2400.0,465.4,500.0
129,2400.0,GravitarDeterministic-v4,107095904.0,2400.0,490.75,600.0
130,2100.0,GravitarDeterministic-v4,107945894.0,2400.0,478.35,550.0
131,2100.0,GravitarDeterministic-v4,108797757.0,2100.0,493.2,600.0
132,2100.0,GravitarDeterministic-v4,109646478.0,2100.0,489.95,600.0
133,2100.0,GravitarDeterministic-v4,110492749.0,2100.0,500.3,600.0
134,2100.0,GravitarDeterministic-v4,111342232.0,2100.0,500.7,600.0
135,2100.0,GravitarDeterministic-v4,112176145.0,2100.0,516.9,600.0
136,2100.0,GravitarDeterministic-v4,113020438.0,2200.0,502.2,600.0
137,2100.0,GravitarDeterministic-v4,113872216.0,2100.0,495.6,600.0
138,2100.0,GravitarDeterministic-v4,114724994.0,2200.0,508.85,600.0
139,2000.0,GravitarDeterministic-v4,115568498.0,2100.0,508.75,600.0
140,1750.0,GravitarDeterministic-v4,116410647.0,2100.0,500.45,600.0
141,2100.0,GravitarDeterministic-v4,117254865.0,2100.0,509.9,600.0
142,1680.0,GravitarDeterministic-v4,118102137.0,2200.0,490.15,550.0
143,2000.0,GravitarDeterministic-v4,118948981.0,2200.0,500.45,600.0
144,1680.0,GravitarDeterministic-v4,119795562.0,2200.0,509.6,600.0
145,1680.0,GravitarDeterministic-v4,120643915.0,2200.0,520.05,600.0
146,1680.0,GravitarDeterministic-v4,121491515.0,2200.0,509.85,600.0
147,2100.0,GravitarDeterministic-v4,122337067.0,2100.0,498.5,600.0
148,1780.0,GravitarDeterministic-v4,123188108.0,2100.0,508.8,600.0
149,2100.0,GravitarDeterministic-v4,124031694.0,2200.0,512.6,600.0
150,2200.0,GravitarDeterministic-v4,124872984.0,2200.0,536.1,600.0
151,2000.0,GravitarDeterministic-v4,125717710.0,2100.0,510.7,600.0
152,2000.0,GravitarDeterministic-v4,126574616.0,2200.0,509.75,600.0
153,2000.0,GravitarDeterministic-v4,127423059.0,2200.0,515.0,600.0
154,2000.0,GravitarDeterministic-v4,128273034.0,2200.0,509.4,600.0
155,2200.0,GravitarDeterministic-v4,129118265.0,2200.0,516.85,600.0
156,2200.0,GravitarDeterministic-v4,129949642.0,2200.0,519.1,600.0
157,2200.0,GravitarDeterministic-v4,130787887.0,2200.0,522.55,600.0
158,2200.0,GravitarDeterministic-v4,131632001.0,2200.0,533.25,600.0
159,2200.0,GravitarDeterministic-v4,132474612.0,2200.0,525.7,600.0
160,2000.0,GravitarDeterministic-v4,133321859.0,2200.0,539.1,600.0
161,2200.0,GravitarDeterministic-v4,134164927.0,2200.0,540.65,600.0
162,2000.0,GravitarDeterministic-v4,135009928.0,2200.0,536.6,600.0
163,2100.0,GravitarDeterministic-v4,135847851.0,2300.0,523.35,600.0
164,2200.0,GravitarDeterministic-v4,136694832.0,2300.0,529.7,600.0
165,2600.0,GravitarDeterministic-v4,137539127.0,2600.0,544.3,600.0
166,2300.0,GravitarDeterministic-v4,138383993.0,2600.0,539.4,600.0
167,2200.0,GravitarDeterministic-v4,139229827.0,2600.0,535.8,600.0
168,2200.0,GravitarDeterministic-v4,140069608.0,2600.0,537.25,600.0
169,2000.0,GravitarDeterministic-v4,140909276.0,2600.0,545.45,600.0
170,2200.0,GravitarDeterministic-v4,141758511.0,2600.0,532.75,600.0
171,2200.0,GravitarDeterministic-v4,142607702.0,2600.0,544.95,600.0
172,2100.0,GravitarDeterministic-v4,143453656.0,2300.0,563.3,600.0
173,2300.0,GravitarDeterministic-v4,144307643.0,2600.0,552.9,600.0
174,2100.0,GravitarDeterministic-v4,145165997.0,2600.0,543.2,600.0
175,2300.0,GravitarDeterministic-v4,146018172.0,2300.0,544.1,600.0
176,2600.0,GravitarDeterministic-v4,146871534.0,2600.0,555.6,600.0
177,2600.0,GravitarDeterministic-v4,147718506.0,2600.0,539.35,600.0
178,2300.0,GravitarDeterministic-v4,148571802.0,2300.0,557.95,600.0
179,2600.0,GravitarDeterministic-v4,149426372.0,2600.0,551.3,600.0
180,2250.0,GravitarDeterministic-v4,150277519.0,2600.0,567.25,675.0
181,2300.0,GravitarDeterministic-v4,151127967.0,2600.0,565.05,700.0
182,2250.0,GravitarDeterministic-v4,151980060.0,2600.0,550.05,600.0
183,2200.0,GravitarDeterministic-v4,152832419.0,2300.0,548.1,600.0
184,2200.0,GravitarDeterministic-v4,153683452.0,2300.0,557.4,700.0
185,2300.0,GravitarDeterministic-v4,154533064.0,2300.0,557.55,600.0
186,2300.0,GravitarDeterministic-v4,155381644.0,2300.0,551.05,600.0
187,2300.0,GravitarDeterministic-v4,156248209.0,2300.0,556.85,600.0
188,2300.0,GravitarDeterministic-v4,157102088.0,2300.0,540.9,600.0
189,2300.0,GravitarDeterministic-v4,157952807.0,2300.0,544.65,600.0
190,2300.0,GravitarDeterministic-v4,158797280.0,2300.0,534.85,600.0
191,2000.0,GravitarDeterministic-v4,159649338.0,2300.0,543.3,600.0
192,2300.0,GravitarDeterministic-v4,160492592.0,2300.0,560.0,600.0
193,2300.0,GravitarDeterministic-v4,161335043.0,2300.0,546.85,600.0
194,2200.0,GravitarDeterministic-v4,162185703.0,2300.0,545.15,600.0
195,1680.0,GravitarDeterministic-v4,163033902.0,2100.0,546.8,600.0
196,2300.0,GravitarDeterministic-v4,163885630.0,2300.0,548.0,600.0
197,2100.0,GravitarDeterministic-v4,164733612.0,2300.0,555.95,600.0
198,2300.0,GravitarDeterministic-v4,165586907.0,2300.0,568.15,700.0
199,2300.0,GravitarDeterministic-v4,166437188.0,2300.0,557.5,700.0
200,2300.0,GravitarDeterministic-v4,167284648.0,2300.0,554.7,600.0
201,2100.0,GravitarDeterministic-v4,168129955.0,2300.0,560.2,600.0
202,2100.0,GravitarDeterministic-v4,168984369.0,2300.0,543.5,600.0
203,2100.0,GravitarDeterministic-v4,169834508.0,2300.0,551.55,600.0
204,2300.0,GravitarDeterministic-v4,170676881.0,2300.0,543.65,600.0
205,2300.0,GravitarDeterministic-v4,171527507.0,2300.0,543.5,600.0
206,2300.0,GravitarDeterministic-v4,172381352.0,2300.0,542.1,600.0
207,2300.0,GravitarDeterministic-v4,173232210.0,2300.0,563.6,700.0
208,2300.0,GravitarDeterministic-v4,174082251.0,2300.0,545.3,600.0
209,2300.0,GravitarDeterministic-v4,174932037.0,2300.0,564.1,700.0
210,2300.0,GravitarDeterministic-v4,175784357.0,2300.0,538.5,600.0
211,2300.0,GravitarDeterministic-v4,176644044.0,2300.0,537.9,600.0
212,2300.0,GravitarDeterministic-v4,177499726.0,2300.0,536.95,600.0
213,2100.0,GravitarDeterministic-v4,178353739.0,2300.0,547.45,600.0
214,2300.0,GravitarDeterministic-v4,179207185.0,2300.0,554.9,600.0
215,2300.0,GravitarDeterministic-v4,180050882.0,2300.0,543.1,600.0
216,2300.0,GravitarDeterministic-v4,180906147.0,2300.0,549.6,600.0
217,2300.0,GravitarDeterministic-v4,181756472.0,2300.0,562.35,600.0
218,2300.0,GravitarDeterministic-v4,182605514.0,2300.0,554.35,650.0
219,2300.0,GravitarDeterministic-v4,183452845.0,2300.0,570.8,700.0
220,2300.0,GravitarDeterministic-v4,184305500.0,2300.0,561.95,700.0
221,2300.0,GravitarDeterministic-v4,185150502.0,2300.0,559.7,650.0
222,2100.0,GravitarDeterministic-v4,185991116.0,2300.0,551.5,600.0
223,2200.0,GravitarDeterministic-v4,186835108.0,2200.0,541.2,600.0
224,2300.0,GravitarDeterministic-v4,187684756.0,2300.0,552.65,600.0
225,1760.0,GravitarDeterministic-v4,188522723.0,2200.0,566.0,650.0
226,2100.0,GravitarDeterministic-v4,189366329.0,2200.0,548.05,600.0
227,2100.0,GravitarDeterministic-v4,190201567.0,2200.0,553.7,600.0
228,2100.0,GravitarDeterministic-v4,191041611.0,2200.0,545.5,600.0
229,1500.0,GravitarDeterministic-v4,191886742.0,2200.0,557.55,600.0
230,1750.0,GravitarDeterministic-v4,192721550.0,2200.0,559.95,600.0
231,1870.0,GravitarDeterministic-v4,193564773.0,2200.0,564.9,625.0
232,2100.0,GravitarDeterministic-v4,194407155.0,2200.0,539.25,600.0
233,2100.0,GravitarDeterministic-v4,195244124.0,2200.0,563.8,700.0
234,2200.0,GravitarDeterministic-v4,196084726.0,2200.0,567.8,700.0
235,2200.0,GravitarDeterministic-v4,196942880.0,2200.0,559.15,700.0
236,2100.0,GravitarDeterministic-v4,197784463.0,2200.0,565.95,700.0
237,2200.0,GravitarDeterministic-v4,198630869.0,2200.0,565.75,675.0
238,2100.0,GravitarDeterministic-v4,199483834.0,2300.0,568.55,700.0
239,2100.0,GravitarDeterministic-v4,200327629.0,2300.0,571.95,700.0
240,2000.0,GravitarDeterministic-v4,201178890.0,2300.0,566.1,700.0
241,2100.0,GravitarDeterministic-v4,202016963.0,2200.0,563.35,600.0
242,2100.0,GravitarDeterministic-v4,202860396.0,2200.0,563.0,600.0
243,1820.0,GravitarDeterministic-v4,203707989.0,2100.0,566.0,700.0
244,2100.0,GravitarDeterministic-v4,204556260.0,2200.0,555.85,700.0
245,1900.0,GravitarDeterministic-v4,205402997.0,2200.0,579.2,700.0
246,2300.0,GravitarDeterministic-v4,206252238.0,2300.0,575.7,700.0
247,2100.0,GravitarDeterministic-v4,207102893.0,2300.0,568.25,700.0
248,2100.0,GravitarDeterministic-v4,207960342.0,2300.0,561.95,600.0
249,2300.0,GravitarDeterministic-v4,208809002.0,2300.0,567.9,700.0
250,1760.0,GravitarDeterministic-v4,209660247.0,2300.0,564.0,700.0
251,2300.0,GravitarDeterministic-v4,210519786.0,2300.0,558.4,600.0
252,2000.0,GravitarDeterministic-v4,211369390.0,2300.0,573.85,700.0
253,2300.0,GravitarDeterministic-v4,212221996.0,2300.0,564.75,700.0
254,2300.0,GravitarDeterministic-v4,213059483.0,2300.0,565.85,700.0
255,1810.0,GravitarDeterministic-v4,213903857.0,2300.0,563.0,700.0
256,2000.0,GravitarDeterministic-v4,214746270.0,2300.0,567.95,700.0
257,1520.0,GravitarDeterministic-v4,215589774.0,2300.0,566.65,600.0
258,1550.0,GravitarDeterministic-v4,216428970.0,2300.0,553.2,600.0
259,2100.0,GravitarDeterministic-v4,217277010.0,2300.0,567.0,650.0
260,1800.0,GravitarDeterministic-v4,218125750.0,2300.0,551.7,600.0
261,1520.0,GravitarDeterministic-v4,218975245.0,2300.0,561.95,600.0
262,2100.0,GravitarDeterministic-v4,219827557.0,2300.0,571.6,700.0
263,2300.0,GravitarDeterministic-v4,220678597.0,2300.0,560.6,600.0
264,1530.0,GravitarDeterministic-v4,221522889.0,2300.0,558.55,700.0
265,1780.0,GravitarDeterministic-v4,222379832.0,2100.0,566.1,625.0
266,2300.0,GravitarDeterministic-v4,223234602.0,2300.0,583.8,700.0
267,2010.0,GravitarDeterministic-v4,224084873.0,2300.0,559.4,600.0
268,2000.0,GravitarDeterministic-v4,224933843.0,2300.0,568.35,700.0
269,2300.0,GravitarDeterministic-v4,225785248.0,2300.0,573.7,700.0
270,2000.0,GravitarDeterministic-v4,226639049.0,2300.0,581.45,700.0
271,2100.0,GravitarDeterministic-v4,227492643.0,2300.0,568.3,700.0
272,2100.0,GravitarDeterministic-v4,228355990.0,2300.0,562.35,600.0
273,1730.0,GravitarDeterministic-v4,229209623.0,2300.0,569.1,600.0
274,2300.0,GravitarDeterministic-v4,230066895.0,2300.0,551.4,600.0
275,2300.0,GravitarDeterministic-v4,230925019.0,2300.0,575.75,700.0
276,2300.0,GravitarDeterministic-v4,231774380.0,2300.0,563.55,700.0
277,2100.0,GravitarDeterministic-v4,232628745.0,2100.0,574.5,700.0
278,2100.0,GravitarDeterministic-v4,233479990.0,2300.0,558.6,600.0
279,2000.0,GravitarDeterministic-v4,234329817.0,2300.0,580.45,700.0
280,2000.0,GravitarDeterministic-v4,235180653.0,2300.0,555.5,600.0
281,2100.0,GravitarDeterministic-v4,236027329.0,2300.0,578.85,700.0
282,2200.0,GravitarDeterministic-v4,236884000.0,2300.0,575.7,700.0
283,2000.0,GravitarDeterministic-v4,237726174.0,2300.0,587.05,700.0
284,2100.0,GravitarDeterministic-v4,238578821.0,2300.0,593.45,700.0
285,2000.0,GravitarDeterministic-v4,239426053.0,2300.0,582.15,675.0
286,2000.0,GravitarDeterministic-v4,240274044.0,2300.0,601.35,700.0
287,1820.0,GravitarDeterministic-v4,241124725.0,2300.0,578.9,675.0
288,2000.0,GravitarDeterministic-v4,241978247.0,2300.0,578.7,650.0
289,1680.0,GravitarDeterministic-v4,242820080.0,2100.0,585.25,700.0
290,2100.0,GravitarDeterministic-v4,243665261.0,2100.0,580.2,700.0
291,1820.0,GravitarDeterministic-v4,244508456.0,2100.0,587.75,700.0
292,2000.0,GravitarDeterministic-v4,245356464.0,2300.0,576.45,700.0
293,2300.0,GravitarDeterministic-v4,246199139.0,2300.0,584.35,700.0
294,2200.0,GravitarDeterministic-v4,247042579.0,2300.0,594.45,700.0
295,2200.0,GravitarDeterministic-v4,247897187.0,2300.0,583.35,700.0
296,2000.0,GravitarDeterministic-v4,248749746.0,2300.0,591.4,700.0
297,2300.0,GravitarDeterministic-v4,249592503.0,2300.0,599.0,700.0
298,2300.0,GravitarDeterministic-v4,250437259.0,2300.0,575.45,700.0
299,2300.0,GravitarDeterministic-v4,251289125.0,2300.0,587.75,700.0
300,2100.0,GravitarDeterministic-v4,252128872.0,2200.0,585.5,700.0
301,1920.0,GravitarDeterministic-v4,252978656.0,2300.0,590.1,700.0
302,1860.0,GravitarDeterministic-v4,253822472.0,2200.0,573.7,700.0
303,1810.0,GravitarDeterministic-v4,254669448.0,2300.0,594.1,700.0
304,2300.0,GravitarDeterministic-v4,255521876.0,2300.0,591.15,700.0
305,2200.0,GravitarDeterministic-v4,256378774.0,2300.0,579.05,700.0
306,2200.0,GravitarDeterministic-v4,257234176.0,2300.0,595.45,700.0
307,2300.0,GravitarDeterministic-v4,258083897.0,2300.0,607.1,700.0
308,2000.0,GravitarDeterministic-v4,258936411.0,2300.0,594.7,700.0
309,2100.0,GravitarDeterministic-v4,259783635.0,2200.0,580.0,700.0
310,2000.0,GravitarDeterministic-v4,260639920.0,2200.0,584.4,700.0
311,2000.0,GravitarDeterministic-v4,261488251.0,2200.0,580.8,650.0
312,2000.0,GravitarDeterministic-v4,262337411.0,2100.0,585.7,700.0
313,2000.0,GravitarDeterministic-v4,263194115.0,2400.0,573.55,700.0
314,2000.0,GravitarDeterministic-v4,264044915.0,2100.0,592.55,700.0
315,2100.0,GravitarDeterministic-v4,264887214.0,2200.0,593.5,700.0
316,2000.0,GravitarDeterministic-v4,265736441.0,2200.0,587.3,700.0
317,2200.0,GravitarDeterministic-v4,266593266.0,2200.0,577.4,650.0
318,2200.0,GravitarDeterministic-v4,267448188.0,2300.0,582.3,700.0
319,2100.0,GravitarDeterministic-v4,268296411.0,2300.0,585.8,700.0
320,2000.0,GravitarDeterministic-v4,269153733.0,2200.0,586.8,700.0
321,2200.0,GravitarDeterministic-v4,270008182.0,2200.0,594.1,700.0
322,2250.0,GravitarDeterministic-v4,270874171.0,2300.0,577.6,625.0
323,2200.0,GravitarDeterministic-v4,271734710.0,2250.0,603.3,700.0
324,2200.0,GravitarDeterministic-v4,272584579.0,2250.0,598.75,700.0
325,2250.0,GravitarDeterministic-v4,273440759.0,2250.0,590.25,700.0
326,2300.0,GravitarDeterministic-v4,274306819.0,2300.0,611.95,700.0
327,2300.0,GravitarDeterministic-v4,275164048.0,2300.0,614.45,700.0
328,2250.0,GravitarDeterministic-v4,276018412.0,2300.0,600.8,700.0
329,2200.0,GravitarDeterministic-v4,276877449.0,2300.0,587.95,700.0
330,2300.0,GravitarDeterministic-v4,277755422.0,2300.0,609.7,700.0
331,2200.0,GravitarDeterministic-v4,278621233.0,2300.0,604.0,700.0
332,2300.0,GravitarDeterministic-v4,279478449.0,2300.0,609.85,700.0
333,2200.0,GravitarDeterministic-v4,280341864.0,2300.0,606.0,700.0
334,2300.0,GravitarDeterministic-v4,281186269.0,2300.0,606.2,700.0
335,2200.0,GravitarDeterministic-v4,282038824.0,2300.0,598.7,700.0
336,1770.0,GravitarDeterministic-v4,282890813.0,2300.0,599.9,700.0
337,2200.0,GravitarDeterministic-v4,283745228.0,2200.0,605.2,700.0
338,2200.0,GravitarDeterministic-v4,284602512.0,2200.0,599.5,700.0
339,2200.0,GravitarDeterministic-v4,285442910.0,2200.0,606.15,700.0
340,2200.0,GravitarDeterministic-v4,286298509.0,2200.0,609.35,700.0
341,2200.0,GravitarDeterministic-v4,287160575.0,2400.0,611.05,700.0
342,2400.0,GravitarDeterministic-v4,288018691.0,2400.0,615.15,700.0
343,2200.0,GravitarDeterministic-v4,288878673.0,2400.0,618.6,700.0
344,2200.0,GravitarDeterministic-v4,289740208.0,2200.0,621.05,700.0
345,2200.0,GravitarDeterministic-v4,290600991.0,2300.0,614.8,700.0
346,2200.0,GravitarDeterministic-v4,291455476.0,2200.0,616.0,700.0
347,2200.0,GravitarDeterministic-v4,292309338.0,2200.0,601.15,700.0
348,2200.0,GravitarDeterministic-v4,293166454.0,2200.0,612.85,700.0
349,2200.0,GravitarDeterministic-v4,294017068.0,2200.0,591.85,700.0
350,2200.0,GravitarDeterministic-v4,294867015.0,2200.0,624.1,700.0
351,2000.0,GravitarDeterministic-v4,295717664.0,2200.0,601.1,700.0
352,2200.0,GravitarDeterministic-v4,296572207.0,2200.0,604.55,700.0
353,2200.0,GravitarDeterministic-v4,297425718.0,2200.0,596.95,650.0
354,1900.0,GravitarDeterministic-v4,298281582.0,2300.0,602.9,700.0
355,2200.0,GravitarDeterministic-v4,299133759.0,2300.0,616.6,700.0
356,2300.0,GravitarDeterministic-v4,299990816.0,2300.0,613.85,700.0
357,2000.0,GravitarDeterministic-v4,300844525.0,2300.0,599.1,700.0
358,2000.0,GravitarDeterministic-v4,301695457.0,2300.0,602.5,700.0
359,2350.0,GravitarDeterministic-v4,302539368.0,2350.0,617.35,700.0
360,1780.0,GravitarDeterministic-v4,303387731.0,2200.0,611.9,700.0
361,2200.0,GravitarDeterministic-v4,304230937.0,2200.0,597.35,700.0
362,2100.0,GravitarDeterministic-v4,305084784.0,2200.0,603.1,700.0
363,2100.0,GravitarDeterministic-v4,305929790.0,2200.0,601.5,700.0
364,2200.0,GravitarDeterministic-v4,306778213.0,2200.0,610.5,700.0
365,2200.0,GravitarDeterministic-v4,307628408.0,2400.0,593.75,700.0
366,2300.0,GravitarDeterministic-v4,308479826.0,2300.0,613.55,700.0
367,1780.0,GravitarDeterministic-v4,309329315.0,2300.0,582.8,625.0
368,2300.0,GravitarDeterministic-v4,310178161.0,2300.0,600.45,700.0
369,2300.0,GravitarDeterministic-v4,311025515.0,2400.0,598.95,700.0
370,2300.0,GravitarDeterministic-v4,311872225.0,2300.0,591.4,700.0
371,2300.0,GravitarDeterministic-v4,312720703.0,2300.0,600.15,700.0
372,2300.0,GravitarDeterministic-v4,313585845.0,2300.0,610.55,700.0
373,2300.0,GravitarDeterministic-v4,314443855.0,2300.0,603.7,700.0
374,2300.0,GravitarDeterministic-v4,315294752.0,2300.0,598.65,700.0
375,2300.0,GravitarDeterministic-v4,316143907.0,2300.0,605.75,700.0
376,2300.0,GravitarDeterministic-v4,316991011.0,2300.0,595.4,700.0
377,2300.0,GravitarDeterministic-v4,317841175.0,2300.0,600.2,700.0
378,2100.0,GravitarDeterministic-v4,318688125.0,2300.0,601.45,700.0
379,1830.0,GravitarDeterministic-v4,319540472.0,2200.0,598.65,700.0
380,2300.0,GravitarDeterministic-v4,320384980.0,2300.0,596.55,700.0
381,2200.0,GravitarDeterministic-v4,321231663.0,2300.0,586.6,700.0
382,2300.0,GravitarDeterministic-v4,322087818.0,2400.0,590.15,700.0
383,2100.0,GravitarDeterministic-v4,322939318.0,2400.0,597.65,700.0
384,2300.0,GravitarDeterministic-v4,323796037.0,2400.0,593.35,700.0
385,2100.0,GravitarDeterministic-v4,324657337.0,2300.0,589.35,700.0
386,2250.0,GravitarDeterministic-v4,325514193.0,2300.0,608.2,700.0
387,2000.0,GravitarDeterministic-v4,326367254.0,2300.0,593.45,700.0
388,2100.0,GravitarDeterministic-v4,327217585.0,2300.0,604.15,700.0
389,1600.0,GravitarDeterministic-v4,328075917.0,2100.0,584.7,700.0
390,1800.0,GravitarDeterministic-v4,328927359.0,2250.0,604.25,700.0
391,2250.0,GravitarDeterministic-v4,329784264.0,2250.0,616.35,700.0
392,2200.0,GravitarDeterministic-v4,330635272.0,2200.0,605.6,700.0
393,2100.0,GravitarDeterministic-v4,331496989.0,2200.0,612.0,725.0
394,2300.0,GravitarDeterministic-v4,332350510.0,2300.0,601.7,700.0
395,1950.0,GravitarDeterministic-v4,333213624.0,2300.0,613.9,700.0
396,2300.0,GravitarDeterministic-v4,334062491.0,2300.0,591.75,700.0
397,2000.0,GravitarDeterministic-v4,334908864.0,2300.0,583.65,700.0
398,1890.0,GravitarDeterministic-v4,335763693.0,2300.0,600.45,700.0
399,2200.0,GravitarDeterministic-v4,336617133.0,2300.0,595.95,700.0
400,2200.0,GravitarDeterministic-v4,337479653.0,2300.0,587.05,700.0
401,2300.0,GravitarDeterministic-v4,338336050.0,2300.0,578.85,700.0
402,2100.0,GravitarDeterministic-v4,339191139.0,2300.0,602.8,700.0
403,2000.0,GravitarDeterministic-v4,340049503.0,2300.0,584.5,700.0
404,2000.0,GravitarDeterministic-v4,340903715.0,2350.0,590.5,700.0
405,1970.0,GravitarDeterministic-v4,341755540.0,2200.0,575.65,700.0
406,2100.0,GravitarDeterministic-v4,342616730.0,2200.0,588.65,700.0
407,1730.0,GravitarDeterministic-v4,343469186.0,2100.0,583.75,700.0
408,2300.0,GravitarDeterministic-v4,344324867.0,2300.0,590.9,700.0
409,2300.0,GravitarDeterministic-v4,345183645.0,2300.0,590.4,700.0
410,2000.0,GravitarDeterministic-v4,346030720.0,2300.0,596.3,700.0
411,2300.0,GravitarDeterministic-v4,346881687.0,2300.0,596.85,700.0
412,2300.0,GravitarDeterministic-v4,347733663.0,2300.0,599.3,700.0
413,2300.0,GravitarDeterministic-v4,348586527.0,2300.0,606.0,700.0
414,2100.0,GravitarDeterministic-v4,349440113.0,2300.0,594.7,700.0
415,2300.0,GravitarDeterministic-v4,350291870.0,2300.0,598.3,700.0
416,2100.0,GravitarDeterministic-v4,351146014.0,2200.0,620.15,700.0
417,2300.0,GravitarDeterministic-v4,352000411.0,2300.0,600.6,700.0
418,2300.0,GravitarDeterministic-v4,352851298.0,2300.0,611.3,700.0
419,2300.0,GravitarDeterministic-v4,353707457.0,2300.0,597.9,700.0
420,2300.0,GravitarDeterministic-v4,354556974.0,2300.0,612.15,700.0
421,2200.0,GravitarDeterministic-v4,355406814.0,2300.0,605.25,700.0
422,2300.0,GravitarDeterministic-v4,356259858.0,2300.0,604.85,700.0
423,2300.0,GravitarDeterministic-v4,357111395.0,2300.0,616.25,700.0
424,2300.0,GravitarDeterministic-v4,357955967.0,2300.0,601.6,700.0
425,2010.0,GravitarDeterministic-v4,358802793.0,2300.0,580.35,700.0
426,1680.0,GravitarDeterministic-v4,359651117.0,2300.0,607.15,700.0
427,2300.0,GravitarDeterministic-v4,360506753.0,2300.0,600.55,700.0
428,2300.0,GravitarDeterministic-v4,361359647.0,2300.0,601.5,700.0
429,2300.0,GravitarDeterministic-v4,362213961.0,2300.0,611.55,700.0
430,2200.0,GravitarDeterministic-v4,363062976.0,2300.0,611.05,700.0
431,2300.0,GravitarDeterministic-v4,363919194.0,2350.0,604.65,700.0
432,2100.0,GravitarDeterministic-v4,364769757.0,2300.0,600.5,700.0
433,2130.0,GravitarDeterministic-v4,365615371.0,2300.0,615.9,700.0
434,2300.0,GravitarDeterministic-v4,366472181.0,2550.0,611.3,700.0
435,2080.0,GravitarDeterministic-v4,367321375.0,2300.0,622.95,700.0
436,2200.0,GravitarDeterministic-v4,368166526.0,2300.0,606.35,700.0
437,2080.0,GravitarDeterministic-v4,369022224.0,2300.0,621.15,700.0
438,2200.0,GravitarDeterministic-v4,369866515.0,2300.0,600.1,700.0
439,2300.0,GravitarDeterministic-v4,370724182.0,2300.0,608.6,700.0
440,2300.0,GravitarDeterministic-v4,371571088.0,2300.0,613.65,700.0
441,2300.0,GravitarDeterministic-v4,372420180.0,2300.0,619.1,700.0
442,2300.0,GravitarDeterministic-v4,373266508.0,2300.0,603.3,700.0
443,2300.0,GravitarDeterministic-v4,374122057.0,2350.0,626.05,700.0
444,2300.0,GravitarDeterministic-v4,374982869.0,2300.0,622.55,700.0
445,2100.0,GravitarDeterministic-v4,375841672.0,2300.0,626.9,700.0
446,1900.0,GravitarDeterministic-v4,376699380.0,2300.0,619.5,700.0
447,2300.0,GravitarDeterministic-v4,377556496.0,2300.0,636.05,700.0
448,2160.0,GravitarDeterministic-v4,378407072.0,2300.0,617.5,700.0
449,2300.0,GravitarDeterministic-v4,379252855.0,2300.0,617.1,700.0
450,2000.0,GravitarDeterministic-v4,380107718.0,2300.0,619.55,700.0
451,2000.0,GravitarDeterministic-v4,380955298.0,2300.0,602.0,700.0
452,2080.0,GravitarDeterministic-v4,381806180.0,2300.0,607.75,700.0
453,2100.0,GravitarDeterministic-v4,382653528.0,2300.0,608.9,700.0
454,2300.0,GravitarDeterministic-v4,383512641.0,2300.0,604.95,700.0
455,2300.0,GravitarDeterministic-v4,384367946.0,2300.0,609.05,700.0
456,2300.0,GravitarDeterministic-v4,385214887.0,2300.0,602.85,700.0
457,2150.0,GravitarDeterministic-v4,386058528.0,2300.0,614.0,700.0
458,2300.0,GravitarDeterministic-v4,386899357.0,2300.0,617.8,700.0
459,2300.0,GravitarDeterministic-v4,387747301.0,2300.0,621.4,700.0
460,2100.0,GravitarDeterministic-v4,388606531.0,2300.0,610.4,700.0
461,2300.0,GravitarDeterministic-v4,389456083.0,2300.0,613.5,700.0
462,2100.0,GravitarDeterministic-v4,390309002.0,2250.0,614.5,700.0
463,2250.0,GravitarDeterministic-v4,391164876.0,2250.0,610.15,700.0
464,2200.0,GravitarDeterministic-v4,392013322.0,2250.0,622.3,700.0
465,2250.0,GravitarDeterministic-v4,392863630.0,2250.0,620.75,700.0
466,2200.0,GravitarDeterministic-v4,393715195.0,2250.0,625.75,700.0
467,2250.0,GravitarDeterministic-v4,394572282.0,2250.0,632.6,725.0
468,2200.0,GravitarDeterministic-v4,395431649.0,2250.0,627.05,750.0
469,2000.0,GravitarDeterministic-v4,396290243.0,2300.0,625.65,700.0
470,2250.0,GravitarDeterministic-v4,397137308.0,2300.0,623.05,750.0
471,2200.0,GravitarDeterministic-v4,397990242.0,2400.0,620.45,700.0
472,2400.0,GravitarDeterministic-v4,398840541.0,2400.0,629.65,700.0
473,2000.0,GravitarDeterministic-v4,399690114.0,2400.0,615.8,700.0
474,2200.0,GravitarDeterministic-v4,400541714.0,2400.0,621.9,700.0
475,2200.0,GravitarDeterministic-v4,401393476.0,2200.0,615.95,700.0
476,2100.0,GravitarDeterministic-v4,402246481.0,2200.0,621.7,700.0
477,2100.0,GravitarDeterministic-v4,403097550.0,2200.0,610.45,700.0
478,2100.0,GravitarDeterministic-v4,403942072.0,2200.0,627.6,700.0
479,2200.0,GravitarDeterministic-v4,404796546.0,2200.0,626.35,700.0
480,2100.0,GravitarDeterministic-v4,405648120.0,2200.0,625.65,725.0
481,2200.0,GravitarDeterministic-v4,406500664.0,2200.0,616.35,750.0
482,2000.0,GravitarDeterministic-v4,407344849.0,2200.0,616.05,700.0
483,2300.0,GravitarDeterministic-v4,408191296.0,2300.0,631.35,750.0
484,2200.0,GravitarDeterministic-v4,409042548.0,2300.0,615.25,750.0
485,2300.0,GravitarDeterministic-v4,409884911.0,2300.0,623.35,750.0
486,2300.0,GravitarDeterministic-v4,410729402.0,2300.0,635.85,700.0
487,2100.0,GravitarDeterministic-v4,411572208.0,2300.0,640.1,750.0
488,2200.0,GravitarDeterministic-v4,412416983.0,2300.0,622.8,750.0
489,2300.0,GravitarDeterministic-v4,413268503.0,2300.0,630.05,700.0
490,2300.0,GravitarDeterministic-v4,414120132.0,2300.0,632.15,750.0
491,2100.0,GravitarDeterministic-v4,414967494.0,2300.0,643.8,750.0
492,2100.0,GravitarDeterministic-v4,415819780.0,2300.0,639.7,750.0
493,2300.0,GravitarDeterministic-v4,416675425.0,2300.0,639.65,750.0
494,2300.0,GravitarDeterministic-v4,417520915.0,2300.0,639.45,750.0
495,2300.0,GravitarDeterministic-v4,418370785.0,2300.0,631.35,700.0
496,2300.0,GravitarDeterministic-v4,419219846.0,2300.0,639.55,700.0
497,2000.0,GravitarDeterministic-v4,420070563.0,2300.0,631.95,750.0
498,2300.0,GravitarDeterministic-v4,420922197.0,2300.0,621.95,700.0
499,2300.0,GravitarDeterministic-v4,421775590.0,2300.0,632.2,700.0
500,2000.0,GravitarDeterministic-v4,422623314.0,2300.0,637.0,700.0
501,2300.0,GravitarDeterministic-v4,423478496.0,2300.0,632.65,700.0
502,2300.0,GravitarDeterministic-v4,424342287.0,2300.0,640.7,725.0
503,2300.0,GravitarDeterministic-v4,425208462.0,2300.0,636.45,750.0
504,2300.0,GravitarDeterministic-v4,426078590.0,2300.0,660.4,750.0
505,2200.0,GravitarDeterministic-v4,426953121.0,2300.0,641.15,750.0
506,2300.0,GravitarDeterministic-v4,427824619.0,2300.0,657.5,750.0
507,2300.0,GravitarDeterministic-v4,428695765.0,2300.0,661.6,750.0
508,2200.0,GravitarDeterministic-v4,429562120.0,2300.0,648.7,750.0
509,2300.0,GravitarDeterministic-v4,430423057.0,2300.0,652.45,750.0
510,2300.0,GravitarDeterministic-v4,431281881.0,2300.0,650.8,750.0
511,2300.0,GravitarDeterministic-v4,432134553.0,2300.0,655.05,750.0
512,2000.0,GravitarDeterministic-v4,432998250.0,2300.0,658.7,750.0
513,2000.0,GravitarDeterministic-v4,433850153.0,2300.0,644.5,750.0
514,2000.0,GravitarDeterministic-v4,434707649.0,2300.0,650.85,750.0
515,2300.0,GravitarDeterministic-v4,435570625.0,2300.0,643.1,750.0
516,2300.0,GravitarDeterministic-v4,436423644.0,2300.0,642.1,750.0
517,2300.0,GravitarDeterministic-v4,437275455.0,2300.0,644.9,750.0
518,2300.0,GravitarDeterministic-v4,438132046.0,2300.0,661.25,750.0
519,2000.0,GravitarDeterministic-v4,438987176.0,2300.0,651.1,750.0
520,2300.0,GravitarDeterministic-v4,439842000.0,2300.0,661.3,750.0
521,2000.0,GravitarDeterministic-v4,440699410.0,2300.0,655.8,750.0
522,2100.0,GravitarDeterministic-v4,441552530.0,2350.0,648.5,750.0
523,2060.0,GravitarDeterministic-v4,442404143.0,2400.0,650.0,750.0
524,2400.0,GravitarDeterministic-v4,443259333.0,2400.0,663.25,750.0
525,2000.0,GravitarDeterministic-v4,444115718.0,2400.0,650.65,750.0
526,2400.0,GravitarDeterministic-v4,444977493.0,2400.0,648.6,700.0
527,2200.0,GravitarDeterministic-v4,445828795.0,2400.0,654.55,750.0
528,2200.0,GravitarDeterministic-v4,446678626.0,2400.0,656.8,750.0
529,2200.0,GravitarDeterministic-v4,447526017.0,2400.0,656.0,750.0
530,2300.0,GravitarDeterministic-v4,448372850.0,2400.0,646.9,700.0
531,2200.0,GravitarDeterministic-v4,449229418.0,2300.0,649.35,750.0
532,2200.0,GravitarDeterministic-v4,450074160.0,2200.0,644.55,750.0
533,2200.0,GravitarDeterministic-v4,450921243.0,2200.0,656.3,750.0
534,2200.0,GravitarDeterministic-v4,451771429.0,2200.0,647.85,750.0
535,2200.0,GravitarDeterministic-v4,452629183.0,2200.0,657.3,750.0
536,2100.0,GravitarDeterministic-v4,453488058.0,2200.0,663.5,750.0
537,2200.0,GravitarDeterministic-v4,454354358.0,2200.0,663.2,750.0
538,2100.0,GravitarDeterministic-v4,455216241.0,2200.0,662.05,750.0
539,2200.0,GravitarDeterministic-v4,456079114.0,2200.0,652.95,750.0
540,2300.0,GravitarDeterministic-v4,456943972.0,2300.0,671.1,750.0
541,2300.0,GravitarDeterministic-v4,457808165.0,2300.0,666.85,750.0
542,2200.0,GravitarDeterministic-v4,458667924.0,2200.0,655.35,750.0
543,2100.0,GravitarDeterministic-v4,459531250.0,2200.0,658.85,750.0
544,2200.0,GravitarDeterministic-v4,460397019.0,2200.0,668.25,750.0
545,2200.0,GravitarDeterministic-v4,461267230.0,2200.0,663.05,750.0
546,2200.0,GravitarDeterministic-v4,462137308.0,2200.0,668.05,800.0
547,2200.0,GravitarDeterministic-v4,463004934.0,2300.0,671.45,800.0
548,2350.0,GravitarDeterministic-v4,463866916.0,2350.0,665.4,750.0
549,2200.0,GravitarDeterministic-v4,464735895.0,2350.0,662.9,750.0
550,2100.0,GravitarDeterministic-v4,465597220.0,2350.0,652.55,750.0
551,2100.0,GravitarDeterministic-v4,466453697.0,2350.0,647.55,750.0
552,2200.0,GravitarDeterministic-v4,467315774.0,2350.0,671.45,750.0
553,2350.0,GravitarDeterministic-v4,468185174.0,2350.0,648.75,700.0
554,2200.0,GravitarDeterministic-v4,469042295.0,2350.0,660.45,750.0
555,2350.0,GravitarDeterministic-v4,469897989.0,2350.0,675.85,750.0
556,2200.0,GravitarDeterministic-v4,470763379.0,2450.0,668.05,750.0
557,2200.0,GravitarDeterministic-v4,471626726.0,2350.0,657.05,750.0
558,2200.0,GravitarDeterministic-v4,472498452.0,2350.0,663.35,750.0
559,2350.0,GravitarDeterministic-v4,473361565.0,2350.0,659.8,750.0
560,2350.0,GravitarDeterministic-v4,474231405.0,2350.0,665.75,750.0
561,2350.0,GravitarDeterministic-v4,475095806.0,2350.0,650.15,700.0
562,2350.0,GravitarDeterministic-v4,475958336.0,2350.0,651.0,750.0
563,2200.0,GravitarDeterministic-v4,476828377.0,2350.0,669.25,750.0
564,2350.0,GravitarDeterministic-v4,477692524.0,2350.0,660.35,750.0
565,2200.0,GravitarDeterministic-v4,478564487.0,2450.0,678.0,750.0
566,2200.0,GravitarDeterministic-v4,479429157.0,2450.0,675.85,750.0
567,2350.0,GravitarDeterministic-v4,480296833.0,2450.0,668.75,750.0
568,2350.0,GravitarDeterministic-v4,481160441.0,2450.0,680.4,750.0
569,2200.0,GravitarDeterministic-v4,482018542.0,2450.0,672.6,750.0
570,2350.0,GravitarDeterministic-v4,482880476.0,2450.0,667.7,750.0
571,2350.0,GravitarDeterministic-v4,483742121.0,2350.0,677.2,800.0
572,2200.0,GravitarDeterministic-v4,484600495.0,2350.0,678.15,750.0
573,2200.0,GravitarDeterministic-v4,485452247.0,2350.0,660.25,800.0
574,2200.0,GravitarDeterministic-v4,486306784.0,2350.0,669.8,750.0
575,2350.0,GravitarDeterministic-v4,487157020.0,2350.0,667.7,750.0
576,2200.0,GravitarDeterministic-v4,488016261.0,2350.0,672.55,800.0
577,2200.0,GravitarDeterministic-v4,488880020.0,2200.0,666.5,750.0
578,2200.0,GravitarDeterministic-v4,489732472.0,2200.0,675.6,750.0
579,2200.0,GravitarDeterministic-v4,490592170.0,2200.0,664.9,750.0
580,2200.0,GravitarDeterministic-v4,491450429.0,2200.0,665.3,750.0
581,2200.0,GravitarDeterministic-v4,492309711.0,2200.0,668.2,750.0
582,2200.0,GravitarDeterministic-v4,493161617.0,2200.0,683.45,750.0
583,2200.0,GravitarDeterministic-v4,494016815.0,2200.0,682.3,800.0
584,2200.0,GravitarDeterministic-v4,494880904.0,2200.0,670.8,800.0
585,2200.0,GravitarDeterministic-v4,495744774.0,2200.0,672.0,750.0
586,2200.0,GravitarDeterministic-v4,496616657.0,2200.0,678.15,750.0
587,2200.0,GravitarDeterministic-v4,497478167.0,2200.0,681.5,800.0
588,2200.0,GravitarDeterministic-v4,498339681.0,2200.0,678.4,750.0
589,2200.0,GravitarDeterministic-v4,499193595.0,2200.0,686.95,800.0
590,2200.0,GravitarDeterministic-v4,500054983.0,2300.0,674.35,750.0
591,2200.0,GravitarDeterministic-v4,500911411.0,2300.0,671.2,700.0
592,2200.0,GravitarDeterministic-v4,501770767.0,2300.0,663.25,750.0
593,2200.0,GravitarDeterministic-v4,502628385.0,2300.0,658.2,750.0
594,2300.0,GravitarDeterministic-v4,503490993.0,2300.0,663.05,750.0
595,2200.0,GravitarDeterministic-v4,504351910.0,2300.0,661.8,750.0
596,2200.0,GravitarDeterministic-v4,505215420.0,2300.0,683.15,800.0
597,2300.0,GravitarDeterministic-v4,506084590.0,2400.0,692.55,800.0
598,2200.0,GravitarDeterministic-v4,506954308.0,2400.0,686.55,800.0
599,2300.0,GravitarDeterministic-v4,507821936.0,2400.0,679.25,800.0
600,2400.0,GravitarDeterministic-v4,508691731.0,2400.0,677.15,800.0
601,2400.0,GravitarDeterministic-v4,509556539.0,2400.0,682.4,750.0
602,2400.0,GravitarDeterministic-v4,510426567.0,2400.0,664.25,750.0
603,2400.0,GravitarDeterministic-v4,511298041.0,2400.0,656.8,750.0
604,2200.0,GravitarDeterministic-v4,512157752.0,2400.0,662.75,750.0
605,2400.0,GravitarDeterministic-v4,513015483.0,2400.0,663.35,750.0
606,2200.0,GravitarDeterministic-v4,513871613.0,2400.0,679.9,750.0
607,2200.0,GravitarDeterministic-v4,514729980.0,2400.0,689.55,750.0
608,2200.0,GravitarDeterministic-v4,515586035.0,2200.0,678.3,750.0
609,2200.0,GravitarDeterministic-v4,516446001.0,2200.0,680.35,800.0
610,2300.0,GravitarDeterministic-v4,517304554.0,2300.0,670.9,750.0
611,2200.0,GravitarDeterministic-v4,518166377.0,2300.0,673.9,750.0
612,2200.0,GravitarDeterministic-v4,519021498.0,2300.0,687.9,800.0
613,2200.0,GravitarDeterministic-v4,519876077.0,2300.0,679.3,800.0
614,2000.0,GravitarDeterministic-v4,520730306.0,2300.0,666.75,750.0
615,2200.0,GravitarDeterministic-v4,521584037.0,2300.0,673.8,750.0
616,2200.0,GravitarDeterministic-v4,522446637.0,2300.0,685.05,800.0
617,2200.0,GravitarDeterministic-v4,523309910.0,2300.0,686.9,800.0
618,2300.0,GravitarDeterministic-v4,524174544.0,2350.0,684.4,800.0
619,2300.0,GravitarDeterministic-v4,525033061.0,2350.0,689.5,800.0
620,2200.0,GravitarDeterministic-v4,525889782.0,2300.0,685.25,800.0
621,2300.0,GravitarDeterministic-v4,526744899.0,2300.0,689.45,800.0
622,2300.0,GravitarDeterministic-v4,527605491.0,2300.0,679.55,750.0
623,2300.0,GravitarDeterministic-v4,528463872.0,2300.0,691.25,800.0
624,2300.0,GravitarDeterministic-v4,529321999.0,2300.0,695.25,800.0
625,2300.0,GravitarDeterministic-v4,530194189.0,2300.0,693.05,800.0
626,2200.0,GravitarDeterministic-v4,531065057.0,2400.0,696.4,800.0
627,2200.0,GravitarDeterministic-v4,531924857.0,2300.0,684.35,800.0
628,2300.0,GravitarDeterministic-v4,532779626.0,2300.0,689.4,800.0
629,2300.0,GravitarDeterministic-v4,533640678.0,2300.0,690.1,750.0
630,2300.0,GravitarDeterministic-v4,534502239.0,2300.0,699.0,800.0
631,2300.0,GravitarDeterministic-v4,535365335.0,2300.0,705.25,800.0
632,2300.0,GravitarDeterministic-v4,536228798.0,2300.0,692.15,800.0
633,2200.0,GravitarDeterministic-v4,537091017.0,2300.0,687.3,800.0
634,2300.0,GravitarDeterministic-v4,537950262.0,2300.0,685.0,750.0
635,2200.0,GravitarDeterministic-v4,538816188.0,2300.0,689.45,800.0
636,2300.0,GravitarDeterministic-v4,539673719.0,2300.0,690.7,775.0
637,2300.0,GravitarDeterministic-v4,540525540.0,2300.0,688.6,800.0
638,2300.0,GravitarDeterministic-v4,541379224.0,2300.0,679.05,750.0
639,2200.0,GravitarDeterministic-v4,542242926.0,2300.0,695.55,800.0
640,2200.0,GravitarDeterministic-v4,543091268.0,2300.0,694.5,800.0
641,2300.0,GravitarDeterministic-v4,543942450.0,2300.0,687.8,800.0
642,2300.0,GravitarDeterministic-v4,544790125.0,2300.0,680.25,750.0
643,2300.0,GravitarDeterministic-v4,545640901.0,2300.0,683.6,800.0
644,2100.0,GravitarDeterministic-v4,546489892.0,2300.0,686.6,800.0
645,2100.0,GravitarDeterministic-v4,547331274.0,2300.0,693.95,800.0
646,2400.0,GravitarDeterministic-v4,548179575.0,2400.0,693.15,800.0
647,2400.0,GravitarDeterministic-v4,549038046.0,2400.0,687.45,800.0
648,2300.0,GravitarDeterministic-v4,549883661.0,2400.0,683.55,750.0
649,2400.0,GravitarDeterministic-v4,550730943.0,2400.0,684.9,800.0
650,2400.0,GravitarDeterministic-v4,551581595.0,2400.0,702.4,800.0
651,2400.0,GravitarDeterministic-v4,552433640.0,2400.0,702.5,800.0
652,2400.0,GravitarDeterministic-v4,553280597.0,2400.0,688.6,800.0
653,2400.0,GravitarDeterministic-v4,554130648.0,2400.0,696.6,800.0
654,2400.0,GravitarDeterministic-v4,554977565.0,2400.0,714.45,850.0
655,2400.0,GravitarDeterministic-v4,555831983.0,2400.0,688.35,750.0
656,2400.0,GravitarDeterministic-v4,556681849.0,2400.0,701.6,800.0
657,2300.0,GravitarDeterministic-v4,557541811.0,2400.0,696.2,800.0
658,2300.0,GravitarDeterministic-v4,558391684.0,2400.0,711.65,800.0
659,2400.0,GravitarDeterministic-v4,559242714.0,2400.0,697.3,800.0
660,2400.0,GravitarDeterministic-v4,560092906.0,2400.0,693.85,800.0
661,2400.0,GravitarDeterministic-v4,560938341.0,2400.0,687.1,750.0
662,2400.0,GravitarDeterministic-v4,561785509.0,2400.0,689.05,800.0
663,2400.0,GravitarDeterministic-v4,562634460.0,2400.0,689.95,800.0
664,2400.0,GravitarDeterministic-v4,563489187.0,2400.0,686.2,800.0
665,2400.0,GravitarDeterministic-v4,564343238.0,2400.0,697.9,800.0
666,2400.0,GravitarDeterministic-v4,565197993.0,2400.0,688.55,800.0
667,2400.0,GravitarDeterministic-v4,566053207.0,2400.0,694.0,800.0
668,2400.0,GravitarDeterministic-v4,566906806.0,2400.0,688.0,800.0
669,2100.0,GravitarDeterministic-v4,567754881.0,2400.0,690.0,775.0
670,2400.0,GravitarDeterministic-v4,568614236.0,2400.0,690.0,800.0
671,2250.0,GravitarDeterministic-v4,569471644.0,2400.0,685.65,800.0
672,2400.0,GravitarDeterministic-v4,570323241.0,2400.0,698.1,800.0
673,2400.0,GravitarDeterministic-v4,571170575.0,2400.0,697.6,850.0
674,2400.0,GravitarDeterministic-v4,572027610.0,2400.0,701.85,800.0
675,2130.0,GravitarDeterministic-v4,572875782.0,2450.0,695.75,800.0
676,2450.0,GravitarDeterministic-v4,573729572.0,2450.0,695.95,800.0
677,2400.0,GravitarDeterministic-v4,574583679.0,2450.0,682.5,800.0
678,2450.0,GravitarDeterministic-v4,575433983.0,2450.0,695.85,800.0
679,2400.0,GravitarDeterministic-v4,576286308.0,2450.0,696.7,800.0
680,2450.0,GravitarDeterministic-v4,577147498.0,2450.0,690.55,800.0
681,2450.0,GravitarDeterministic-v4,578007612.0,2450.0,705.75,800.0
682,2200.0,GravitarDeterministic-v4,578860124.0,2450.0,706.05,800.0
683,2400.0,GravitarDeterministic-v4,579713427.0,2450.0,710.45,800.0
684,2450.0,GravitarDeterministic-v4,580572978.0,2450.0,690.95,800.0
685,2450.0,GravitarDeterministic-v4,581429862.0,2450.0,706.65,800.0
686,2400.0,GravitarDeterministic-v4,582291255.0,2450.0,713.15,800.0
687,2400.0,GravitarDeterministic-v4,583152247.0,2450.0,702.5,800.0
688,2450.0,GravitarDeterministic-v4,584011320.0,2450.0,699.0,800.0
689,2400.0,GravitarDeterministic-v4,584867674.0,2450.0,703.85,800.0
690,2450.0,GravitarDeterministic-v4,585727401.0,2450.0,722.8,850.0
691,2450.0,GravitarDeterministic-v4,586585554.0,2450.0,709.2,800.0
692,2400.0,GravitarDeterministic-v4,587446526.0,2450.0,706.55,800.0
693,2400.0,GravitarDeterministic-v4,588316307.0,2450.0,692.2,800.0
694,2400.0,GravitarDeterministic-v4,589189768.0,2450.0,712.2,800.0
695,2450.0,GravitarDeterministic-v4,590059424.0,2450.0,728.7,850.0
696,2400.0,GravitarDeterministic-v4,590940631.0,2450.0,718.4,850.0
697,2450.0,GravitarDeterministic-v4,591815844.0,2450.0,717.95,800.0
698,2200.0,GravitarDeterministic-v4,592691309.0,2450.0,729.95,850.0
699,2450.0,GravitarDeterministic-v4,593567306.0,2450.0,706.9,800.0
700,2400.0,GravitarDeterministic-v4,594442740.0,2450.0,724.3,800.0
701,2400.0,GravitarDeterministic-v4,595310887.0,2450.0,720.1,800.0
702,2400.0,GravitarDeterministic-v4,596167897.0,2450.0,715.25,800.0
703,2400.0,GravitarDeterministic-v4,597029883.0,2450.0,711.35,800.0
704,2200.0,GravitarDeterministic-v4,597897928.0,2200.0,712.7,800.0
705,2200.0,GravitarDeterministic-v4,598769133.0,2200.0,703.5,800.0
706,2200.0,GravitarDeterministic-v4,599630496.0,2200.0,708.35,800.0
707,2200.0,GravitarDeterministic-v4,600490339.0,2200.0,708.05,800.0
708,2200.0,GravitarDeterministic-v4,601347388.0,2200.0,705.8,800.0
709,2200.0,GravitarDeterministic-v4,602212145.0,2200.0,705.25,800.0
710,2200.0,GravitarDeterministic-v4,603077329.0,2200.0,701.6,800.0
711,2400.0,GravitarDeterministic-v4,603940617.0,2400.0,710.2,800.0
712,2400.0,GravitarDeterministic-v4,604799075.0,2400.0,727.15,850.0
713,2400.0,GravitarDeterministic-v4,605663121.0,2400.0,716.55,850.0
714,2400.0,GravitarDeterministic-v4,606526869.0,2400.0,706.45,850.0
715,2400.0,GravitarDeterministic-v4,607391583.0,2400.0,720.7,850.0
716,2400.0,GravitarDeterministic-v4,608253720.0,2400.0,708.05,800.0
717,2400.0,GravitarDeterministic-v4,609105681.0,2400.0,705.45,850.0
718,2400.0,GravitarDeterministic-v4,609964124.0,2550.0,702.5,850.0
719,2200.0,GravitarDeterministic-v4,610817422.0,2550.0,712.5,850.0
720,2400.0,GravitarDeterministic-v4,611675910.0,2400.0,701.7,800.0
721,2200.0,GravitarDeterministic-v4,612531058.0,2400.0,696.35,800.0
722,2200.0,GravitarDeterministic-v4,613390078.0,2200.0,698.5,800.0
723,2100.0,GravitarDeterministic-v4,614241171.0,2350.0,694.85,800.0
724,2350.0,GravitarDeterministic-v4,615084136.0,2350.0,709.8,800.0
725,2200.0,GravitarDeterministic-v4,615939931.0,2350.0,710.9,850.0
726,2200.0,GravitarDeterministic-v4,616795421.0,2350.0,703.8,800.0
727,2350.0,GravitarDeterministic-v4,617646615.0,2350.0,699.1,850.0
728,2350.0,GravitarDeterministic-v4,618500644.0,2350.0,705.7,800.0
729,2200.0,GravitarDeterministic-v4,619350296.0,2350.0,697.2,800.0
730,2100.0,GravitarDeterministic-v4,620214622.0,2200.0,697.0,825.0
731,2200.0,GravitarDeterministic-v4,621068096.0,2200.0,689.85,800.0
732,2200.0,GravitarDeterministic-v4,621917306.0,2200.0,705.7,800.0
733,2200.0,GravitarDeterministic-v4,622778749.0,2300.0,707.5,850.0
734,2200.0,GravitarDeterministic-v4,623633087.0,2200.0,707.4,850.0
735,2200.0,GravitarDeterministic-v4,624495484.0,2200.0,721.05,850.0
736,2200.0,GravitarDeterministic-v4,625350621.0,2300.0,706.9,850.0
737,2200.0,GravitarDeterministic-v4,626210867.0,2200.0,707.05,825.0
738,2200.0,GravitarDeterministic-v4,627067720.0,2200.0,707.2,850.0
739,2200.0,GravitarDeterministic-v4,627924470.0,2200.0,704.35,800.0
740,2200.0,GravitarDeterministic-v4,628776413.0,2250.0,710.0,800.0
741,2100.0,GravitarDeterministic-v4,629637947.0,2250.0,694.8,850.0
742,2250.0,GravitarDeterministic-v4,630494686.0,2300.0,707.35,850.0
743,2100.0,GravitarDeterministic-v4,631352709.0,2250.0,704.3,800.0
744,2000.0,GravitarDeterministic-v4,632208798.0,2200.0,701.0,800.0
745,2000.0,GravitarDeterministic-v4,633066890.0,2200.0,708.6,850.0
746,2200.0,GravitarDeterministic-v4,633928556.0,2200.0,692.55,800.0
747,2100.0,GravitarDeterministic-v4,634797455.0,2300.0,710.5,800.0
748,2100.0,GravitarDeterministic-v4,635659671.0,2300.0,711.3,800.0
749,2200.0,GravitarDeterministic-v4,636524282.0,2200.0,704.55,800.0
750,2200.0,GravitarDeterministic-v4,637387756.0,2200.0,728.7,850.0
751,2100.0,GravitarDeterministic-v4,638251362.0,2200.0,699.3,800.0
752,2100.0,GravitarDeterministic-v4,639111484.0,2200.0,708.4,850.0
753,2100.0,GravitarDeterministic-v4,639976358.0,2200.0,712.65,850.0
754,2100.0,GravitarDeterministic-v4,640836674.0,2200.0,718.15,850.0
755,2200.0,GravitarDeterministic-v4,641700607.0,2200.0,701.5,850.0
756,2100.0,GravitarDeterministic-v4,642556634.0,2200.0,719.25,850.0
757,2100.0,GravitarDeterministic-v4,643415633.0,2200.0,714.85,850.0
758,2200.0,GravitarDeterministic-v4,644277144.0,2200.0,711.25,800.0
759,2200.0,GravitarDeterministic-v4,645134866.0,2300.0,707.2,800.0
760,2200.0,GravitarDeterministic-v4,645993250.0,2200.0,692.7,800.0
761,2100.0,GravitarDeterministic-v4,646851728.0,2350.0,714.9,800.0
762,2200.0,GravitarDeterministic-v4,647706735.0,2200.0,697.65,800.0
763,2200.0,GravitarDeterministic-v4,648563128.0,2200.0,702.45,800.0
764,2250.0,GravitarDeterministic-v4,649421168.0,2400.0,693.5,800.0
765,2400.0,GravitarDeterministic-v4,650286877.0,2400.0,708.95,850.0
766,2400.0,GravitarDeterministic-v4,651152019.0,2400.0,715.2,850.0
767,2400.0,GravitarDeterministic-v4,652021786.0,2400.0,715.7,850.0
768,2100.0,GravitarDeterministic-v4,652877569.0,2250.0,718.75,850.0
769,2250.0,GravitarDeterministic-v4,653734272.0,2250.0,713.45,850.0
770,2100.0,GravitarDeterministic-v4,654586545.0,2450.0,707.75,850.0
771,2450.0,GravitarDeterministic-v4,655453947.0,2450.0,722.65,850.0
772,2450.0,GravitarDeterministic-v4,656320548.0,2450.0,715.15,850.0
773,2200.0,GravitarDeterministic-v4,657187445.0,2450.0,701.4,800.0
774,2250.0,GravitarDeterministic-v4,658051830.0,2400.0,713.2,800.0
775,2400.0,GravitarDeterministic-v4,658919086.0,2400.0,703.65,800.0
776,2300.0,GravitarDeterministic-v4,659798171.0,2400.0,700.95,800.0
777,2300.0,GravitarDeterministic-v4,660667907.0,2400.0,713.05,800.0
778,2400.0,GravitarDeterministic-v4,661536626.0,2400.0,717.15,800.0
779,2400.0,GravitarDeterministic-v4,662410581.0,2400.0,722.25,850.0
780,2300.0,GravitarDeterministic-v4,663277539.0,2400.0,708.5,800.0
781,2400.0,GravitarDeterministic-v4,664138454.0,2400.0,702.75,800.0
782,2300.0,GravitarDeterministic-v4,665001717.0,2400.0,691.5,800.0
783,2400.0,GravitarDeterministic-v4,665870347.0,2400.0,700.6,800.0
784,2400.0,GravitarDeterministic-v4,666733450.0,2400.0,691.55,800.0
785,2250.0,GravitarDeterministic-v4,667597999.0,2400.0,694.4,800.0
786,2250.0,GravitarDeterministic-v4,668464185.0,2400.0,708.4,800.0
787,2300.0,GravitarDeterministic-v4,669333329.0,2400.0,697.15,775.0
788,2200.0,GravitarDeterministic-v4,670200758.0,2400.0,695.25,800.0
789,2300.0,GravitarDeterministic-v4,671069876.0,2400.0,719.05,800.0
790,2300.0,GravitarDeterministic-v4,671938835.0,2650.0,707.9,800.0
791,2300.0,GravitarDeterministic-v4,672801906.0,2400.0,703.3,800.0
792,2300.0,GravitarDeterministic-v4,673659142.0,2300.0,699.2,800.0
793,2250.0,GravitarDeterministic-v4,674517647.0,2300.0,693.05,800.0
794,2200.0,GravitarDeterministic-v4,675368768.0,2300.0,688.35,800.0
795,2200.0,GravitarDeterministic-v4,676220461.0,2300.0,699.2,800.0
796,2300.0,GravitarDeterministic-v4,677074462.0,2350.0,709.6,800.0
797,2200.0,GravitarDeterministic-v4,677936499.0,2350.0,713.8,800.0
798,2250.0,GravitarDeterministic-v4,678797751.0,2350.0,686.7,750.0
799,2250.0,GravitarDeterministic-v4,679654891.0,2250.0,699.05,800.0
800,2500.0,GravitarDeterministic-v4,680517164.0,2500.0,714.0,800.0
801,2500.0,GravitarDeterministic-v4,681382160.0,2500.0,703.5,800.0
802,2250.0,GravitarDeterministic-v4,682250648.0,2500.0,716.3,800.0
803,2500.0,GravitarDeterministic-v4,683115048.0,2500.0,724.85,850.0
804,2500.0,GravitarDeterministic-v4,683985412.0,2500.0,718.0,850.0
805,2200.0,GravitarDeterministic-v4,684863171.0,2500.0,711.75,800.0
806,2500.0,GravitarDeterministic-v4,685737143.0,2500.0,723.65,850.0
807,2400.0,GravitarDeterministic-v4,686610625.0,2500.0,721.15,850.0
808,2500.0,GravitarDeterministic-v4,687480561.0,2500.0,723.65,850.0
809,2500.0,GravitarDeterministic-v4,688348012.0,2500.0,710.75,800.0
810,2500.0,GravitarDeterministic-v4,689219253.0,2500.0,712.95,800.0
811,2250.0,GravitarDeterministic-v4,690087851.0,2500.0,704.8,800.0
812,2250.0,GravitarDeterministic-v4,690954298.0,2400.0,715.05,800.0
813,2250.0,GravitarDeterministic-v4,691819424.0,2400.0,719.15,850.0
814,2400.0,GravitarDeterministic-v4,692681017.0,2400.0,718.6,850.0
815,2250.0,GravitarDeterministic-v4,693547077.0,2400.0,723.5,850.0
816,2250.0,GravitarDeterministic-v4,694411473.0,2400.0,696.65,750.0
817,2400.0,GravitarDeterministic-v4,695274329.0,2400.0,702.6,800.0
818,2550.0,GravitarDeterministic-v4,696152024.0,2550.0,730.6,800.0
819,2200.0,GravitarDeterministic-v4,697022330.0,2550.0,718.2,800.0
820,2550.0,GravitarDeterministic-v4,697885444.0,2550.0,716.55,800.0
821,2550.0,GravitarDeterministic-v4,698753096.0,2550.0,723.2,850.0
822,2300.0,GravitarDeterministic-v4,699614952.0,2300.0,704.8,800.0
823,2250.0,GravitarDeterministic-v4,700480689.0,2550.0,723.65,850.0
824,2550.0,GravitarDeterministic-v4,701340191.0,2550.0,726.1,850.0
825,2550.0,GravitarDeterministic-v4,702209603.0,2550.0,725.25,850.0
826,2200.0,GravitarDeterministic-v4,703078070.0,2550.0,710.85,800.0
827,2550.0,GravitarDeterministic-v4,703932292.0,2550.0,713.05,800.0
828,2300.0,GravitarDeterministic-v4,704795739.0,2550.0,713.3,825.0
829,2250.0,GravitarDeterministic-v4,705657258.0,2550.0,714.2,850.0
830,2230.0,GravitarDeterministic-v4,706513918.0,2550.0,712.95,800.0
831,2300.0,GravitarDeterministic-v4,707378579.0,2550.0,707.3,850.0
832,2300.0,GravitarDeterministic-v4,708242770.0,2550.0,725.95,850.0
833,2250.0,GravitarDeterministic-v4,709107663.0,2550.0,714.9,850.0
834,2200.0,GravitarDeterministic-v4,709974073.0,2400.0,719.6,850.0
835,2250.0,GravitarDeterministic-v4,710835398.0,2550.0,718.65,800.0
836,2400.0,GravitarDeterministic-v4,711697697.0,2550.0,714.15,800.0
837,2250.0,GravitarDeterministic-v4,712558341.0,2400.0,721.7,850.0
838,2550.0,GravitarDeterministic-v4,713423396.0,2550.0,713.75,850.0
839,2250.0,GravitarDeterministic-v4,714280583.0,2550.0,712.9,800.0
840,2550.0,GravitarDeterministic-v4,715144914.0,2550.0,703.2,800.0
841,2550.0,GravitarDeterministic-v4,716000598.0,2550.0,690.5,775.0
842,2550.0,GravitarDeterministic-v4,716855439.0,2550.0,701.1,800.0
843,2550.0,GravitarDeterministic-v4,717715507.0,2550.0,710.25,800.0
844,2550.0,GravitarDeterministic-v4,718572038.0,2550.0,697.65,800.0
845,2550.0,GravitarDeterministic-v4,719428628.0,2550.0,701.65,800.0
846,2550.0,GravitarDeterministic-v4,720294585.0,2550.0,711.1,800.0
847,2550.0,GravitarDeterministic-v4,721148360.0,2550.0,698.95,800.0
848,2550.0,GravitarDeterministic-v4,722011610.0,2550.0,692.5,800.0
849,2550.0,GravitarDeterministic-v4,722867486.0,2550.0,699.75,800.0
850,2300.0,GravitarDeterministic-v4,723718758.0,2550.0,694.95,800.0
851,2550.0,GravitarDeterministic-v4,724575224.0,2550.0,712.5,850.0
852,2550.0,GravitarDeterministic-v4,725430355.0,2550.0,712.0,800.0
853,2200.0,GravitarDeterministic-v4,726288998.0,2550.0,704.25,800.0
854,2550.0,GravitarDeterministic-v4,727152183.0,2550.0,717.4,850.0
855,2250.0,GravitarDeterministic-v4,728010669.0,2550.0,704.15,800.0
856,2400.0,GravitarDeterministic-v4,728879285.0,2550.0,704.0,850.0
857,2550.0,GravitarDeterministic-v4,729755802.0,2550.0,709.45,850.0
858,2550.0,GravitarDeterministic-v4,730631452.0,2550.0,712.7,850.0
859,2230.0,GravitarDeterministic-v4,731496043.0,2550.0,718.0,850.0
860,2100.0,GravitarDeterministic-v4,732372482.0,2250.0,719.1,850.0
861,2250.0,GravitarDeterministic-v4,733241100.0,2250.0,711.85,800.0
862,2250.0,GravitarDeterministic-v4,734105742.0,2250.0,711.75,850.0
863,2250.0,GravitarDeterministic-v4,734966388.0,2250.0,696.65,800.0
864,2250.0,GravitarDeterministic-v4,735827729.0,2350.0,703.3,850.0
865,2200.0,GravitarDeterministic-v4,736682987.0,2250.0,699.1,850.0
866,2200.0,GravitarDeterministic-v4,737535277.0,2250.0,712.75,850.0
867,2250.0,GravitarDeterministic-v4,738396480.0,2250.0,705.7,850.0
868,2250.0,GravitarDeterministic-v4,739255893.0,2300.0,707.3,800.0
869,2100.0,GravitarDeterministic-v4,740112101.0,2300.0,709.65,800.0
870,2250.0,GravitarDeterministic-v4,740962093.0,2250.0,708.35,800.0
871,2250.0,GravitarDeterministic-v4,741813972.0,2250.0,701.1,800.0
872,2200.0,GravitarDeterministic-v4,742670956.0,2200.0,704.4,800.0
873,2200.0,GravitarDeterministic-v4,743527902.0,2300.0,709.45,800.0
874,2200.0,GravitarDeterministic-v4,744381125.0,2300.0,715.15,800.0
875,2250.0,GravitarDeterministic-v4,745245653.0,2250.0,714.95,850.0
876,2200.0,GravitarDeterministic-v4,746110711.0,2250.0,710.7,850.0
877,2200.0,GravitarDeterministic-v4,746971911.0,2350.0,719.05,850.0
878,2250.0,GravitarDeterministic-v4,747831595.0,2250.0,722.65,800.0
879,2250.0,GravitarDeterministic-v4,748687167.0,2250.0,722.4,850.0
880,2200.0,GravitarDeterministic-v4,749539264.0,2250.0,716.75,850.0
881,2200.0,GravitarDeterministic-v4,750396675.0,2350.0,723.85,850.0
882,2200.0,GravitarDeterministic-v4,751261348.0,2200.0,732.15,850.0
883,2200.0,GravitarDeterministic-v4,752118999.0,2200.0,730.3,850.0
884,2200.0,GravitarDeterministic-v4,752985138.0,2200.0,712.05,850.0
885,2200.0,GravitarDeterministic-v4,753853822.0,2200.0,699.05,800.0
886,2200.0,GravitarDeterministic-v4,754709966.0,2200.0,701.55,800.0
887,2200.0,GravitarDeterministic-v4,755567311.0,2200.0,709.6,800.0
888,2200.0,GravitarDeterministic-v4,756435725.0,2300.0,707.3,800.0
889,2200.0,GravitarDeterministic-v4,757296213.0,2300.0,703.55,800.0
890,2200.0,GravitarDeterministic-v4,758156440.0,2200.0,698.55,800.0
891,2200.0,GravitarDeterministic-v4,759015886.0,2300.0,712.35,800.0
892,2200.0,GravitarDeterministic-v4,759868435.0,2200.0,699.95,800.0
893,2200.0,GravitarDeterministic-v4,760725466.0,2300.0,692.25,800.0
894,2100.0,GravitarDeterministic-v4,761582443.0,2200.0,709.6,800.0
895,2100.0,GravitarDeterministic-v4,762433482.0,2300.0,710.15,800.0
896,2100.0,GravitarDeterministic-v4,763293300.0,2350.0,718.3,850.0
897,2200.0,GravitarDeterministic-v4,764151563.0,2200.0,703.1,800.0
898,2100.0,GravitarDeterministic-v4,765004490.0,2300.0,703.2,800.0
899,2200.0,GravitarDeterministic-v4,765858769.0,2200.0,708.25,800.0
900,2200.0,GravitarDeterministic-v4,766729213.0,2300.0,725.25,850.0
901,2200.0,GravitarDeterministic-v4,767588306.0,2200.0,720.25,850.0
902,2100.0,GravitarDeterministic-v4,768450088.0,2300.0,710.3,800.0
903,2200.0,GravitarDeterministic-v4,769313326.0,2200.0,716.15,850.0
904,2200.0,GravitarDeterministic-v4,770176219.0,2200.0,718.6,850.0
905,2200.0,GravitarDeterministic-v4,771045167.0,2300.0,698.95,800.0
906,2200.0,GravitarDeterministic-v4,771910060.0,2300.0,708.1,800.0
907,2300.0,GravitarDeterministic-v4,772774531.0,2300.0,721.9,850.0
908,2300.0,GravitarDeterministic-v4,773643798.0,2300.0,715.25,850.0
909,2200.0,GravitarDeterministic-v4,774519409.0,2450.0,724.75,850.0
910,2450.0,GravitarDeterministic-v4,775392708.0,2450.0,722.1,850.0
911,2450.0,GravitarDeterministic-v4,776260965.0,2450.0,731.85,850.0
912,2450.0,GravitarDeterministic-v4,777119819.0,2450.0,727.35,800.0
913,2300.0,GravitarDeterministic-v4,777985966.0,2450.0,726.65,850.0
914,2250.0,GravitarDeterministic-v4,778857105.0,2450.0,719.6,800.0
915,2300.0,GravitarDeterministic-v4,779723663.0,2450.0,713.6,800.0
916,2300.0,GravitarDeterministic-v4,780593486.0,2450.0,712.05,800.0
917,2450.0,GravitarDeterministic-v4,781461060.0,2450.0,697.2,800.0
918,2450.0,GravitarDeterministic-v4,782327750.0,2450.0,705.0,800.0
919,2450.0,GravitarDeterministic-v4,783194078.0,2450.0,718.25,800.0
920,2250.0,GravitarDeterministic-v4,784045421.0,2400.0,709.7,800.0
921,2250.0,GravitarDeterministic-v4,784909829.0,2400.0,716.4,850.0
922,2300.0,GravitarDeterministic-v4,785770274.0,2400.0,697.05,800.0
923,2200.0,GravitarDeterministic-v4,786635201.0,2400.0,702.65,800.0
924,2250.0,GravitarDeterministic-v4,787495846.0,2250.0,703.3,800.0
925,2250.0,GravitarDeterministic-v4,788356156.0,2250.0,710.15,800.0
926,2200.0,GravitarDeterministic-v4,789213773.0,2300.0,704.75,800.0
927,2200.0,GravitarDeterministic-v4,790069698.0,2250.0,707.55,850.0
928,2250.0,GravitarDeterministic-v4,790941060.0,2250.0,728.6,850.0
929,2400.0,GravitarDeterministic-v4,791811733.0,2400.0,718.15,850.0
930,2400.0,GravitarDeterministic-v4,792676348.0,2400.0,720.45,800.0
931,2400.0,GravitarDeterministic-v4,793538984.0,2400.0,718.8,800.0
932,2400.0,GravitarDeterministic-v4,794408928.0,2400.0,728.55,850.0
933,2250.0,GravitarDeterministic-v4,795283559.0,2400.0,720.65,850.0
934,2400.0,GravitarDeterministic-v4,796158629.0,2400.0,725.35,825.0
935,2250.0,GravitarDeterministic-v4,797024791.0,2400.0,724.7,850.0
936,2250.0,GravitarDeterministic-v4,797892636.0,2450.0,724.6,850.0
937,2250.0,GravitarDeterministic-v4,798759934.0,2250.0,728.45,850.0
938,2200.0,GravitarDeterministic-v4,799629360.0,2250.0,717.8,850.0
939,2250.0,GravitarDeterministic-v4,800494186.0,2250.0,715.35,825.0
940,2250.0,GravitarDeterministic-v4,801361011.0,2250.0,717.6,825.0
941,2200.0,GravitarDeterministic-v4,802226707.0,2250.0,716.1,850.0
942,2200.0,GravitarDeterministic-v4,803094582.0,2250.0,710.2,850.0
943,2200.0,GravitarDeterministic-v4,803963686.0,2250.0,710.8,800.0
944,2250.0,GravitarDeterministic-v4,804839875.0,2250.0,714.75,800.0
945,2200.0,GravitarDeterministic-v4,805708259.0,2250.0,717.15,850.0
946,2200.0,GravitarDeterministic-v4,806570630.0,2250.0,719.1,850.0
947,2250.0,GravitarDeterministic-v4,807437459.0,2250.0,715.7,850.0
948,2300.0,GravitarDeterministic-v4,808308692.0,2300.0,718.95,800.0
949,2100.0,GravitarDeterministic-v4,809173826.0,2300.0,720.9,850.0
950,2250.0,GravitarDeterministic-v4,810037077.0,2300.0,705.45,800.0
951,2250.0,GravitarDeterministic-v4,810900349.0,2300.0,708.0,800.0
952,2300.0,GravitarDeterministic-v4,811776256.0,2300.0,709.9,800.0
953,2200.0,GravitarDeterministic-v4,812642486.0,2300.0,714.65,850.0
954,2200.0,GravitarDeterministic-v4,813509911.0,2300.0,730.6,850.0
955,2300.0,GravitarDeterministic-v4,814376463.0,2300.0,724.25,850.0
956,2300.0,GravitarDeterministic-v4,815240100.0,2300.0,719.2,800.0
957,2300.0,GravitarDeterministic-v4,816115448.0,2300.0,732.25,850.0
958,2200.0,GravitarDeterministic-v4,816991396.0,2300.0,721.75,850.0
959,2300.0,GravitarDeterministic-v4,817860645.0,2300.0,729.35,850.0
960,2100.0,GravitarDeterministic-v4,818724798.0,2300.0,731.8,850.0
961,2300.0,GravitarDeterministic-v4,819594813.0,2300.0,714.0,800.0
962,2200.0,GravitarDeterministic-v4,820462899.0,2500.0,727.05,850.0
963,2300.0,GravitarDeterministic-v4,821336384.0,2500.0,723.25,850.0
964,2300.0,GravitarDeterministic-v4,822207236.0,2500.0,745.7,850.0
965,2300.0,GravitarDeterministic-v4,823071160.0,2500.0,729.75,850.0
966,2300.0,GravitarDeterministic-v4,823946484.0,2500.0,720.0,850.0
967,2300.0,GravitarDeterministic-v4,824809005.0,2500.0,730.8,850.0
968,2500.0,GravitarDeterministic-v4,825681816.0,2500.0,729.7,850.0
969,2500.0,GravitarDeterministic-v4,826559192.0,2500.0,719.55,850.0
970,2500.0,GravitarDeterministic-v4,827430898.0,2500.0,732.65,850.0
971,2500.0,GravitarDeterministic-v4,828296883.0,2500.0,727.75,850.0
972,2300.0,GravitarDeterministic-v4,829171791.0,2500.0,725.95,850.0
973,2500.0,GravitarDeterministic-v4,830040081.0,2500.0,720.2,825.0
974,2400.0,GravitarDeterministic-v4,830900867.0,2500.0,719.25,800.0
975,2400.0,GravitarDeterministic-v4,831766187.0,2500.0,716.7,800.0
976,2400.0,GravitarDeterministic-v4,832646089.0,2500.0,718.05,850.0
977,2400.0,GravitarDeterministic-v4,833526784.0,2500.0,721.85,850.0
978,2500.0,GravitarDeterministic-v4,834405422.0,2500.0,734.8,850.0
979,2350.0,GravitarDeterministic-v4,835277343.0,2500.0,726.2,850.0
980,2350.0,GravitarDeterministic-v4,836156411.0,2400.0,742.55,850.0
981,2400.0,GravitarDeterministic-v4,837030493.0,2400.0,749.2,850.0
982,2400.0,GravitarDeterministic-v4,837914136.0,2400.0,746.3,850.0
983,2400.0,GravitarDeterministic-v4,838795578.0,2400.0,739.6,850.0
984,2400.0,GravitarDeterministic-v4,839668976.0,2400.0,733.1,800.0
985,2350.0,GravitarDeterministic-v4,840544780.0,2400.0,735.15,850.0
986,2350.0,GravitarDeterministic-v4,841416493.0,2400.0,738.4,850.0
987,2400.0,GravitarDeterministic-v4,842294068.0,2400.0,739.8,800.0
988,2200.0,GravitarDeterministic-v4,843170742.0,2400.0,742.45,850.0
989,2400.0,GravitarDeterministic-v4,844047455.0,2400.0,751.9,850.0
990,2400.0,GravitarDeterministic-v4,844920678.0,2400.0,752.0,850.0
991,2400.0,GravitarDeterministic-v4,845799145.0,2400.0,753.0,850.0
992,2400.0,GravitarDeterministic-v4,846670987.0,2450.0,739.5,850.0
993,2400.0,GravitarDeterministic-v4,847542686.0,2400.0,745.2,850.0
994,2450.0,GravitarDeterministic-v4,848417377.0,2450.0,739.2,800.0
995,2400.0,GravitarDeterministic-v4,849292818.0,2450.0,734.7,850.0
996,2400.0,GravitarDeterministic-v4,850166754.0,2450.0,756.05,850.0
997,2400.0,GravitarDeterministic-v4,851050227.0,2450.0,755.05,850.0
998,2400.0,GravitarDeterministic-v4,851922989.0,2450.0,749.6,850.0
999,2350.0,GravitarDeterministic-v4,852792352.0,2450.0,743.0,850.0
1000,2450.0,GravitarDeterministic-v4,853661243.0,2450.0,755.45,850.0
1001,2450.0,GravitarDeterministic-v4,854532616.0,2450.0,738.2,850.0
1002,2400.0,GravitarDeterministic-v4,855401648.0,2450.0,747.0,850.0
1003,2400.0,GravitarDeterministic-v4,856270954.0,2450.0,738.8,850.0
1004,2400.0,GravitarDeterministic-v4,857135412.0,2450.0,747.3,850.0
1005,2450.0,GravitarDeterministic-v4,858005857.0,2450.0,745.5,850.0
1006,2350.0,GravitarDeterministic-v4,858874411.0,2450.0,735.5,800.0
1007,2350.0,GravitarDeterministic-v4,859742529.0,2450.0,747.0,850.0
1008,2450.0,GravitarDeterministic-v4,860610937.0,2450.0,748.75,850.0
1009,2350.0,GravitarDeterministic-v4,861480671.0,2450.0,752.1,850.0
1010,2350.0,GravitarDeterministic-v4,862349409.0,2450.0,743.35,850.0
1011,2350.0,GravitarDeterministic-v4,863223381.0,2450.0,734.65,850.0
1012,2350.0,GravitarDeterministic-v4,864092560.0,2450.0,732.4,850.0
1013,2450.0,GravitarDeterministic-v4,864960608.0,2450.0,742.85,850.0
1014,2450.0,GravitarDeterministic-v4,865824885.0,2450.0,743.4,850.0
1015,2400.0,GravitarDeterministic-v4,866690965.0,2400.0,744.0,850.0
1016,2350.0,GravitarDeterministic-v4,867560021.0,2400.0,729.05,850.0
1017,2350.0,GravitarDeterministic-v4,868423950.0,2400.0,743.45,850.0
1018,2400.0,GravitarDeterministic-v4,869296818.0,2400.0,733.05,850.0
1019,2400.0,GravitarDeterministic-v4,870170822.0,2400.0,737.0,800.0
1020,2400.0,GravitarDeterministic-v4,871039001.0,2400.0,736.2,850.0
1021,2350.0,GravitarDeterministic-v4,871916156.0,2350.0,740.25,850.0
1022,2300.0,GravitarDeterministic-v4,872792200.0,2400.0,746.55,850.0
1023,2400.0,GravitarDeterministic-v4,873665891.0,2400.0,744.15,850.0
1024,2350.0,GravitarDeterministic-v4,874545036.0,2400.0,758.05,850.0
1025,2350.0,GravitarDeterministic-v4,875430580.0,2400.0,751.45,850.0
1026,2400.0,GravitarDeterministic-v4,876310765.0,2400.0,744.65,850.0
1027,2350.0,GravitarDeterministic-v4,877196144.0,2400.0,742.7,850.0
1028,2350.0,GravitarDeterministic-v4,878074736.0,2400.0,753.25,850.0
1029,2350.0,GravitarDeterministic-v4,878957653.0,2400.0,756.3,850.0
1030,2400.0,GravitarDeterministic-v4,879829932.0,2400.0,735.8,825.0
1031,2300.0,GravitarDeterministic-v4,880712249.0,2400.0,758.4,850.0
1032,2300.0,GravitarDeterministic-v4,881589898.0,2400.0,752.25,850.0
1033,2400.0,GravitarDeterministic-v4,882462259.0,2400.0,749.2,850.0
1034,2400.0,GravitarDeterministic-v4,883326246.0,2400.0,749.5,850.0
1035,2350.0,GravitarDeterministic-v4,884194306.0,2400.0,741.25,800.0
1036,2400.0,GravitarDeterministic-v4,885062803.0,2400.0,742.1,825.0
1037,2300.0,GravitarDeterministic-v4,885941262.0,2400.0,758.0,850.0
1038,2350.0,GravitarDeterministic-v4,886814146.0,2400.0,753.3,850.0
1039,2250.0,GravitarDeterministic-v4,887684942.0,2400.0,759.6,850.0
1040,2250.0,GravitarDeterministic-v4,888554997.0,2400.0,744.65,850.0
1041,2400.0,GravitarDeterministic-v4,889427869.0,2400.0,753.3,850.0
1042,2400.0,GravitarDeterministic-v4,890305116.0,2400.0,757.6,850.0
1043,2400.0,GravitarDeterministic-v4,891168547.0,2400.0,760.1,850.0
1044,2400.0,GravitarDeterministic-v4,892049532.0,2400.0,757.8,850.0
1045,2400.0,GravitarDeterministic-v4,892915014.0,2400.0,735.7,850.0
1046,2400.0,GravitarDeterministic-v4,893788876.0,2400.0,735.15,850.0
1047,2400.0,GravitarDeterministic-v4,894658899.0,2400.0,753.35,850.0
1048,2300.0,GravitarDeterministic-v4,895529101.0,2400.0,762.95,850.0
1049,2400.0,GravitarDeterministic-v4,896399373.0,2400.0,748.15,850.0
1050,2400.0,GravitarDeterministic-v4,897270199.0,2400.0,753.0,850.0
1051,2300.0,GravitarDeterministic-v4,898135506.0,2300.0,755.4,850.0
1052,2250.0,GravitarDeterministic-v4,899001438.0,2300.0,749.95,850.0
1053,2300.0,GravitarDeterministic-v4,899866349.0,2300.0,754.55,850.0
1054,2300.0,GravitarDeterministic-v4,900732036.0,2300.0,752.9,850.0
1055,2300.0,GravitarDeterministic-v4,901604797.0,2300.0,752.2,850.0
1056,2250.0,GravitarDeterministic-v4,902468923.0,2300.0,759.15,850.0
1057,2250.0,GravitarDeterministic-v4,903334146.0,2300.0,752.35,850.0
1058,2300.0,GravitarDeterministic-v4,904203593.0,2300.0,749.55,850.0
1059,2250.0,GravitarDeterministic-v4,905070078.0,2300.0,769.1,850.0
1060,2300.0,GravitarDeterministic-v4,905937168.0,2300.0,744.1,850.0
1061,2300.0,GravitarDeterministic-v4,906810228.0,2300.0,744.45,850.0
1062,2200.0,GravitarDeterministic-v4,907664229.0,2250.0,751.95,850.0
1063,2300.0,GravitarDeterministic-v4,908522279.0,2300.0,753.15,850.0
1064,2300.0,GravitarDeterministic-v4,909386932.0,2400.0,749.15,850.0
1065,2300.0,GravitarDeterministic-v4,910254963.0,2400.0,765.6,850.0
1066,2200.0,GravitarDeterministic-v4,911113515.0,2400.0,751.6,850.0
1067,2400.0,GravitarDeterministic-v4,911971589.0,2400.0,753.1,850.0
1068,2400.0,GravitarDeterministic-v4,912830622.0,2400.0,764.9,850.0
1069,2400.0,GravitarDeterministic-v4,913693779.0,2400.0,761.5,850.0
1070,2300.0,GravitarDeterministic-v4,914553732.0,2400.0,759.45,850.0
1071,2400.0,GravitarDeterministic-v4,915420012.0,2400.0,755.6,850.0
1072,2200.0,GravitarDeterministic-v4,916278758.0,2400.0,752.0,850.0
1073,2300.0,GravitarDeterministic-v4,917152677.0,2400.0,760.3,850.0
1074,2400.0,GravitarDeterministic-v4,918035630.0,2400.0,773.3,850.0
1075,2400.0,GravitarDeterministic-v4,918902945.0,2400.0,757.85,850.0
1076,2550.0,GravitarDeterministic-v4,919773627.0,2550.0,759.5,850.0
1077,2550.0,GravitarDeterministic-v4,920643114.0,2550.0,753.5,850.0
1078,2400.0,GravitarDeterministic-v4,921518205.0,2550.0,758.55,850.0
1079,2550.0,GravitarDeterministic-v4,922383702.0,2550.0,755.3,850.0
1080,2550.0,GravitarDeterministic-v4,923257002.0,2550.0,770.8,850.0
1081,2300.0,GravitarDeterministic-v4,924130242.0,2550.0,757.05,850.0
1082,2300.0,GravitarDeterministic-v4,925001763.0,2400.0,751.55,850.0
1083,2550.0,GravitarDeterministic-v4,925871671.0,2550.0,757.5,850.0
1084,2550.0,GravitarDeterministic-v4,926740412.0,2550.0,775.8,850.0
1085,2220.0,GravitarDeterministic-v4,927602891.0,2550.0,748.3,850.0
1086,2350.0,GravitarDeterministic-v4,928470176.0,2550.0,755.9,850.0
1087,2550.0,GravitarDeterministic-v4,929330252.0,2550.0,765.25,850.0
1088,2550.0,GravitarDeterministic-v4,930193459.0,2550.0,764.35,850.0
1089,2350.0,GravitarDeterministic-v4,931061143.0,2550.0,752.1,850.0
1090,2550.0,GravitarDeterministic-v4,931931338.0,2550.0,760.1,850.0
1091,2550.0,GravitarDeterministic-v4,932792987.0,2550.0,757.2,850.0
1092,2550.0,GravitarDeterministic-v4,933659254.0,2550.0,748.8,850.0
1093,2300.0,GravitarDeterministic-v4,934523824.0,2550.0,756.8,850.0
1094,2550.0,GravitarDeterministic-v4,935388909.0,2550.0,745.3,850.0
1095,2550.0,GravitarDeterministic-v4,936255416.0,2550.0,756.1,850.0
1096,2550.0,GravitarDeterministic-v4,937123846.0,2550.0,752.55,850.0
1097,2200.0,GravitarDeterministic-v4,937988100.0,2200.0,750.6,850.0
1098,2300.0,GravitarDeterministic-v4,938849762.0,2300.0,755.05,850.0
1099,2300.0,GravitarDeterministic-v4,939708505.0,2300.0,756.4,850.0
1100,2300.0,GravitarDeterministic-v4,940576548.0,2300.0,747.1,850.0
1101,2200.0,GravitarDeterministic-v4,941435653.0,2300.0,745.75,850.0
1102,2300.0,GravitarDeterministic-v4,942295121.0,2300.0,762.3,850.0
1103,2300.0,GravitarDeterministic-v4,943157325.0,2300.0,756.85,850.0
1104,2300.0,GravitarDeterministic-v4,944025652.0,2300.0,758.6,850.0
1105,2300.0,GravitarDeterministic-v4,944888237.0,2300.0,764.9,850.0
1106,2300.0,GravitarDeterministic-v4,945749197.0,2300.0,764.2,850.0
1107,2300.0,GravitarDeterministic-v4,946611722.0,2300.0,750.05,850.0
1108,2300.0,GravitarDeterministic-v4,947469345.0,2300.0,749.45,850.0
1109,2200.0,GravitarDeterministic-v4,948333812.0,2300.0,756.95,850.0
1110,2200.0,GravitarDeterministic-v4,949193105.0,2300.0,746.05,850.0
1111,2200.0,GravitarDeterministic-v4,950052856.0,2300.0,762.0,850.0
1112,2300.0,GravitarDeterministic-v4,950912764.0,2300.0,758.95,850.0
1113,2300.0,GravitarDeterministic-v4,951771955.0,2300.0,757.4,850.0
1114,2200.0,GravitarDeterministic-v4,952638015.0,2300.0,749.8,850.0
1115,2200.0,GravitarDeterministic-v4,953497752.0,2300.0,743.55,850.0
1116,2300.0,GravitarDeterministic-v4,954358749.0,2300.0,756.1,850.0
1117,2300.0,GravitarDeterministic-v4,955218382.0,2300.0,750.15,850.0
1118,2450.0,GravitarDeterministic-v4,956083084.0,2450.0,756.0,850.0
1119,2450.0,GravitarDeterministic-v4,956952525.0,2450.0,751.35,850.0
1120,2300.0,GravitarDeterministic-v4,957820219.0,2450.0,757.25,850.0
1121,2450.0,GravitarDeterministic-v4,958694764.0,2450.0,751.45,850.0
1122,2300.0,GravitarDeterministic-v4,959566296.0,2450.0,753.65,850.0
1123,2300.0,GravitarDeterministic-v4,960436539.0,2450.0,747.0,825.0
1124,2450.0,GravitarDeterministic-v4,961305017.0,2450.0,761.75,850.0
1125,2300.0,GravitarDeterministic-v4,962173710.0,2450.0,775.85,850.0
1126,2450.0,GravitarDeterministic-v4,963035364.0,2450.0,764.35,850.0
1127,2300.0,GravitarDeterministic-v4,963903750.0,2450.0,754.05,850.0
1128,2450.0,GravitarDeterministic-v4,964768096.0,2450.0,760.55,850.0
1129,2450.0,GravitarDeterministic-v4,965631404.0,2450.0,752.35,850.0
1130,2300.0,GravitarDeterministic-v4,966489500.0,2300.0,739.95,850.0
1131,2300.0,GravitarDeterministic-v4,967353571.0,2300.0,753.2,850.0
1132,2300.0,GravitarDeterministic-v4,968210061.0,2300.0,748.3,850.0
1133,2300.0,GravitarDeterministic-v4,969070063.0,2300.0,754.25,850.0
1134,2300.0,GravitarDeterministic-v4,969927328.0,2300.0,745.75,850.0
1135,2200.0,GravitarDeterministic-v4,970775399.0,2300.0,736.65,850.0
1136,2200.0,GravitarDeterministic-v4,971631797.0,2300.0,744.5,850.0
1137,2300.0,GravitarDeterministic-v4,972495829.0,2300.0,741.9,850.0
1138,2300.0,GravitarDeterministic-v4,973355123.0,2300.0,741.9,850.0
1139,2210.0,GravitarDeterministic-v4,974212724.0,2550.0,760.25,850.0
1140,2300.0,GravitarDeterministic-v4,975073146.0,2550.0,756.2,850.0
1141,2300.0,GravitarDeterministic-v4,975938447.0,2550.0,755.35,850.0
1142,2300.0,GravitarDeterministic-v4,976796803.0,2300.0,758.05,850.0
1143,2300.0,GravitarDeterministic-v4,977655784.0,2300.0,756.3,850.0
1144,2300.0,GravitarDeterministic-v4,978514809.0,2300.0,754.6,850.0
1145,2300.0,GravitarDeterministic-v4,979371646.0,2300.0,758.15,850.0
1146,2300.0,GravitarDeterministic-v4,980231083.0,2300.0,753.0,850.0
1147,2300.0,GravitarDeterministic-v4,981080185.0,2300.0,756.6,850.0
1148,2200.0,GravitarDeterministic-v4,981935311.0,2300.0,761.35,850.0
1149,2300.0,GravitarDeterministic-v4,982801675.0,2300.0,759.25,850.0
1150,2200.0,GravitarDeterministic-v4,983652282.0,2200.0,747.5,850.0
1151,2200.0,GravitarDeterministic-v4,984503528.0,2300.0,748.85,850.0
1152,2300.0,GravitarDeterministic-v4,985359432.0,2300.0,736.2,850.0
1153,2300.0,GravitarDeterministic-v4,986214765.0,2300.0,730.95,825.0
1154,2300.0,GravitarDeterministic-v4,987066012.0,2300.0,752.65,850.0
1155,2300.0,GravitarDeterministic-v4,987922586.0,2300.0,750.6,850.0
1156,2300.0,GravitarDeterministic-v4,988771627.0,2300.0,740.8,850.0
1157,2400.0,GravitarDeterministic-v4,989620043.0,2400.0,747.75,825.0
1158,2200.0,GravitarDeterministic-v4,990469257.0,2400.0,745.9,850.0
1159,2400.0,GravitarDeterministic-v4,991316704.0,2400.0,746.15,850.0
1160,2400.0,GravitarDeterministic-v4,992168416.0,2400.0,749.75,850.0
1161,2400.0,GravitarDeterministic-v4,993026916.0,2400.0,747.85,850.0
1162,2400.0,GravitarDeterministic-v4,993876877.0,2400.0,753.6,850.0
1163,2450.0,GravitarDeterministic-v4,994740523.0,2450.0,765.55,850.0
1164,2450.0,GravitarDeterministic-v4,995605555.0,2450.0,773.45,850.0
1165,2200.0,GravitarDeterministic-v4,996462432.0,2400.0,784.2,850.0
1166,2300.0,GravitarDeterministic-v4,997325470.0,2300.0,766.9,850.0
1167,2300.0,GravitarDeterministic-v4,998181117.0,2300.0,771.3,850.0
1168,2300.0,GravitarDeterministic-v4,999035379.0,2300.0,764.95,850.0
1169,2300.0,GravitarDeterministic-v4,999891641.0,2300.0,767.85,850.0
1170,2300.0,GravitarDeterministic-v4,1000745569.0,2300.0,769.9,850.0
