,elite_avg,evals,max,mean,median
0,29.072884456279866,10741.0,35.51278195488715,5.883088736784148,4.9301474326385435
1,77.63511630638905,26024.0,79.10344827586228,8.089548566922005,5.193740604072715
2,81.42255356323547,45945.0,137.21311475409902,11.924492532317764,8.406625742960168
3,144.54012689785253,71997.0,301.99999999999966,19.74689250543551,11.659193019606864
4,180.08844288944485,110003.0,273.7952254641928,29.623568525866013,20.64513302421651
5,153.6207097512283,155193.0,404.0999999999966,44.11262160757744,30.990514560361813
6,241.35628727423028,205689.0,563.1578947368322,58.98689602329637,45.494874274661406
7,261.6718249432998,260863.0,374.2619718309843,58.948201986741815,46.8577726609007
8,226.0647371803209,323254.0,443.7827338129444,69.53462793783994,52.36596173212479
9,264.3573174079558,390365.0,433.3333333333286,74.76267795996542,55.79845621773332
10,265.1816569227505,460024.0,452.92941176470293,78.19394755596088,56.33641155386872
11,203.18774387876425,528319.0,489.0405797101407,81.5918498495176,57.56843501326249
12,223.26028978803333,599286.0,566.9266409266324,95.81989726846601,62.954046106798316
13,263.16099637288914,676846.0,531.3868613138636,96.23807450069584,62.424161884626855
14,225.20140948231096,759821.0,612.7272727272623,118.50764521481258,66.80905518191398
15,313.2291824009524,847328.0,760.3773584905568,126.82917361155062,67.26357954329572
16,311.4497520304682,935787.0,690.9407665505123,133.1136500606314,94.03194638301991
17,218.1617552189664,1028942.0,579.8679867986733,149.72843816360273,128.43751600512218
18,280.17209109549333,1132236.0,693.941258741252,169.8818265665463,150.68239416844204
19,339.84688467425303,1232298.0,647.2594795538946,156.75015711452846,149.2370370370378
20,307.2134803620957,1330709.0,571.1818181818103,157.5337962011527,137.58777687047143
21,264.3439907606022,1431378.0,633.9857142857062,169.62167792016632,159.98920027341148
22,318.0846696452413,1526415.0,737.129181494655,171.77687667539806,153.98242009132508
23,301.03684834504395,1636417.0,612.5506072874377,183.35786031852484,179.03026847232263
24,284.4084559130712,1736418.0,594.8909090909037,158.42505508025843,161.76666666666756
25,313.2290893293136,1832596.0,609.4339622641403,154.37616283316092,152.2258955545975
26,311.2102805355086,1937284.0,659.308361204,183.5913440421091,181.22645108547692
27,299.82475608547645,2039720.0,630.0231833909971,181.84288910837498,182.46885245901774
28,267.18438394695687,2132215.0,510.0609318996368,163.5496363927149,152.53115676204533
29,415.79939919408645,2242189.0,863.76811594202,186.42735105088187,181.97679225536461
30,302.73329246377415,2351342.0,665.8730158730078,179.3329401131804,189.5379180151038
31,355.57650640695226,2462570.0,612.3287671232781,185.9992928085804,181.0190115440126
32,330.51473022482463,2562316.0,740.3041825094903,155.0248054847147,146.85465975971647
33,272.8619089743278,2662229.0,665.8808510638231,162.37306232988354,167.14722222222338
34,259.30705217008284,2769367.0,556.249999999993,167.79182230502983,162.61384157880588
35,303.32752672039476,2880662.0,652.6881720429993,178.31232962064442,178.3772727272738
36,314.6714229357057,2993536.0,649.1689655172319,185.11052058571195,186.46721262359046
37,288.16563597682074,3104033.0,686.981294964018,183.2720009810131,175.46959238007045
38,404.1342865661769,3220803.0,649.331768953063,190.9801954054827,184.96893478141726
39,339.3314854720969,3334104.0,662.3574803149551,205.51349348575098,190.39058334776
40,348.06510425450955,3446539.0,612.6454545454466,195.04101116561313,200.1409893992943
41,320.53994409368835,3552550.0,897.3475836431115,182.48519591693193,178.58219814241605
42,370.15645475555135,3668919.0,667.6056338028052,204.89976437944512,187.07966661025657
43,292.47799326310906,3772813.0,905.7999999999907,185.37807617474016,179.1230336828526
44,364.86247287386357,3890573.0,664.4517110266034,206.20242218599907,199.30540690697495
45,351.815077387169,4011020.0,634.5454545454407,196.2773752750166,187.95432269995501
46,377.5565179285687,4125281.0,728.5714285714139,191.59274899764313,180.37088607595075
47,324.28177016554633,4229628.0,675.2369649805344,167.73784390111422,160.17207874476256
48,433.0704626489663,4353011.0,745.1857142857021,213.5971825479086,202.95227460711428
49,345.73450216683875,4468661.0,903.2999999999844,203.78932086083734,189.98088313061973
50,384.47266641795693,4578980.0,863.1312499999884,193.7495254067995,180.45884418396005
51,243.74281843531554,4678063.0,744.2028985507175,192.03297238056285,191.70683229813778
52,339.5322410913667,4788807.0,639.864864864854,198.65523634397002,189.15474122330932
53,369.27702340743446,4902397.0,673.6625514403199,204.90781304527133,194.7179615705945
54,391.20776833404074,5016205.0,694.5736434108438,196.41066054384927,188.20951806023078
55,353.2966320074137,5130711.0,672.2210526315672,205.20158877609353,197.1861070201286
56,340.0055729564571,5237590.0,783.5462093862748,199.28034593218243,197.59875930521218
57,302.6013659737732,5343433.0,910.0999999999865,207.4972911961514,193.71140350877272
58,334.0944339258608,5447960.0,829.1044776119264,209.05335572960766,201.35347938144477
59,339.82778488115093,5562338.0,865.358823529395,227.4934621093507,219.4294117647064
60,340.45398150832966,5672636.0,910.0317460317378,223.11006051088575,208.81834848821052
61,392.17006919538954,5783059.0,860.4174603174497,200.388590904504,197.21459609835858
62,336.65637003917163,5891876.0,881.47034220531,208.64939173810995,196.24509364345562
63,360.71199192909796,6008633.0,901.5999999999832,225.5663804672417,200.22465309898394
64,304.0948785616564,6118242.0,888.4575757575661,215.59177353677268,201.39180326059517
65,407.0341771858848,6238155.0,717.3945205479339,213.7862280093666,193.01032624962642
66,440.16878588752945,6360753.0,728.0187499999894,235.17681476642446,207.65126705653148
67,361.2639023872208,6474208.0,911.7812499999905,216.9238334223924,210.79650895728216
68,409.6067993289559,6596305.0,863.7903345724804,224.50782322477505,209.7396797153039
69,373.3582458027004,6708982.0,847.7351916376181,217.7774497423377,198.12171052631743
70,451.3721636083119,6834327.0,827.5362318840483,221.64125797155953,192.33747246028662
71,532.782570184723,6968262.0,810.1123595505524,251.92540057056934,230.83406936545256
72,409.91362501311914,7097972.0,915.8999999999857,274.66678366134465,252.8692640692661
73,367.57067141031314,7222447.0,904.5999999999931,233.2979091288905,197.88311688311842
74,428.10356391158905,7338497.0,759.6491228070013,224.22263358153097,204.62927689594534
75,408.34645181489947,7464728.0,912.3999999999845,238.27146029028324,212.8467532467548
76,453.6651706004699,7592048.0,869.5945945945779,232.12186849408457,217.7177682023529
77,432.95139767857046,7715484.0,794.1979522184145,233.95435864846928,224.87322043691927
78,451.5175952752634,7841012.0,768.327402135221,242.71557054158,224.73044238503383
79,495.66507998916825,7975274.0,775.4448398576394,252.45824550879723,231.90590590301102
80,479.7292627107642,8115662.0,845.9459459459296,275.2589252329536,258.3732254047329
81,502.3692784537337,8254154.0,756.1403508771797,240.47047850153714,226.96354669934857
82,429.19320680535856,8397842.0,863.636363636349,275.313526009459,249.30349739497044
83,481.5011694024157,8536933.0,899.9999999999859,243.8419930764838,233.73202681794874
84,535.6720874858363,8676927.0,888.5057471264269,259.4179822951098,229.4497525223697
85,530.6493184212776,8806859.0,897.6710743801577,231.84549017982508,205.45585339621243
86,451.20936732847787,8939125.0,908.6999999999886,247.60573075671653,199.17343961802413
87,444.5061388687751,9079508.0,902.899999999986,295.79858920692607,266.50677613097014
88,457.1457511892219,9210236.0,840.2161290322441,258.98278614787944,225.6170617703645
89,484.68557457035496,9353728.0,900.899999999988,298.7378111017175,275.48102646417226
90,438.3006575195606,9485295.0,891.8949806949649,273.9342568292054,246.47844378257804
91,521.6437343442486,9616528.0,900.1999999999902,266.6521120965592,229.3239305250375
92,477.91528807957104,9760523.0,846.9387755101883,284.4623400744749,275.41708410486325
93,494.54857281889434,9890325.0,815.7509157509044,241.82354503800238,196.99275321037885
94,564.8657137898092,10033317.0,861.6724738675833,289.6660674020431,279.9422659430119
95,441.8401419162339,10170193.0,874.0740740740594,268.5158177658666,239.76208851101188
96,511.449425747835,10308120.0,867.5090252707497,276.32030531618796,249.64102564102797
97,460.6096808812351,10443839.0,882.2788530465817,278.05930802385336,244.15572742738453
98,483.75923210996314,10585651.0,907.299999999992,301.7816208034051,270.75192534050797
99,567.5361365135328,10726293.0,905.9999999999857,269.913253571312,256.7724137931044
100,471.5630917437264,10865853.0,887.1146341463369,294.49509189013156,296.8087829985051
101,465.2295841360956,10998926.0,901.7999999999824,274.4457943113204,240.09078760544702
102,394.61576774053356,11132406.0,891.8193771626225,284.34692768650694,267.2570640176607
103,467.41873167748736,11269376.0,908.9999999999949,270.3251627221071,241.9169941980182
104,453.8653352747424,11402380.0,912.5999999999871,262.22185608138994,226.83564212460035
105,483.9066890188139,11541958.0,912.5999999999893,291.1488546594216,260.5559403230235
106,479.29564797352805,11679786.0,902.6999999999884,288.1844368990016,268.13796012270006
107,436.6171382622548,11821552.0,870.3846153846006,301.3548586848433,287.93972866146805
108,482.1993241345298,11975530.0,882.5885931558764,305.67215489719484,273.8831481107302
109,481.5488310702508,12114432.0,892.7536231883976,284.6373849351783,263.45352642168876
110,454.6360197988839,12258632.0,900.4999999999825,308.7635247846143,291.77777525195154
111,419.03553634072085,12404523.0,908.7948616600721,331.31403904068696,324.68654682754595
112,508.0055874277731,12550849.0,872.791235059754,296.20252658167163,298.46988451288115
113,490.06528595225274,12700622.0,775.9689922480554,287.28506074733764,266.00430799917655
114,471.5078380540628,12846889.0,816.666666666653,292.1183373954645,284.33709352869926
115,436.50245638468687,12998797.0,808.4507042253352,313.61718216984394,299.9266799682806
116,530.975615931245,13146632.0,896.0159362549717,317.19411053197393,300.8918198320862
117,511.84008118881485,13301236.0,902.2999999999857,314.66189610139423,329.84847677259233
118,540.5595859043053,13466035.0,759.7122302158142,308.4886166045089,306.152288072018
119,439.4283977948542,13626061.0,911.7999999999931,319.36143616284124,309.3414141414132
120,476.23116724828606,13779924.0,863.5466165413372,313.0762082328718,295.1757481648789
121,525.2189728440716,13938352.0,902.3999999999901,295.1642535383985,294.68046112981096
122,481.79856615059214,14100926.0,906.1999999999898,326.23795117899215,327.0915377817048
123,514.4134354124842,14252655.0,855.9322033898184,295.64146796091046,281.26409460105174
124,464.82541919021804,14415424.0,833.0855018587246,348.13648457469446,368.02128883774145
125,548.0614659591481,14575653.0,858.278700361003,311.5671772844871,293.93893893893886
126,602.6977118520654,14736409.0,909.1999999999932,314.25225991089656,327.2712701729937
127,594.2337592753339,14895756.0,907.5999999999851,313.7275786609285,282.94814880661363
128,572.9851785189735,15054455.0,850.7042253520974,315.4089809697953,312.71202960861643
129,475.6792051809859,15204394.0,903.9999999999868,312.6798207300783,284.34470161740103
130,556.661834599027,15377106.0,892.7007299269909,363.8158181631334,377.57920757243596
131,504.69293007251673,15530809.0,826.9424242424102,318.8258793928668,307.4443024188924
132,524.8051389869257,15679863.0,909.7999999999851,329.74575304640445,336.1256578947357
133,640.4914835093898,15835227.0,908.3999999999841,323.2601439306418,333.08186457555263
134,478.5250860604594,15995994.0,906.2999999999934,337.1023954684679,328.6138823922479
135,539.3327692115038,16152727.0,889.4637450199131,318.2476162013666,299.5167809897106
136,553.3965475864028,16316990.0,876.1849056603675,345.447743153443,365.71739518286927
137,552.6213375687519,16472732.0,892.9793103448131,333.06658523346925,334.7031920460479
138,545.5690232400331,16631640.0,907.2999999999848,357.97449418725563,370.52495693172307
139,525.6846808776029,16789378.0,897.4272727272573,353.5535032335212,357.5792406826864
140,507.1832278656816,16946741.0,903.4925925925802,345.09991857620145,329.0273609288631
141,596.9398873820593,17100863.0,878.7234042553106,339.0348258675016,347.2646025028577
142,540.8253807860722,17255454.0,889.0109890109783,306.70873025713496,294.3924402280267
143,474.34447862770213,17406584.0,900.4999999999925,320.3063579133715,299.2357160324497
144,560.8398610285451,17566046.0,904.4999999999841,335.0139894968895,341.1415283932779
145,420.1475955166137,17712296.0,920.1999999999878,326.9657957185076,300.10168287516524
146,574.0964077431652,17861362.0,892.592592592579,300.03961972880415,292.6112819841627
147,516.2932272343569,18025394.0,909.7999999999889,353.628908400713,351.0441599281206
148,544.2200206932524,18190020.0,860.2888086642522,323.8655653695288,323.99674533688625
149,650.1411142539495,18356234.0,857.0815450643684,344.4931781279,341.0184036603955
150,554.6920794563341,18513682.0,849.6402877697684,320.3980176220621,316.8967618292353
151,486.9489165046348,18674696.0,904.4999999999915,360.5150620458472,369.6088459030633
152,573.9758430924715,18840350.0,880.9885931558752,347.92776980793394,340.39432369319
153,450.3821890014013,18985011.0,901.2999999999872,348.93575619454464,339.7499999999991
154,597.1911944354196,19142662.0,903.6999999999848,348.9276902847907,336.3721614074964
155,591.7952778940635,19291759.0,915.3999999999863,319.65718792019356,285.92003590168576
156,466.3955183710691,19446904.0,904.0999999999914,349.40434852624946,346.47215945041927
157,637.5713966266429,19616804.0,903.5999999999851,369.1189723181576,407.2541454400125
158,624.4166402199305,19767244.0,908.899999999985,317.3070467806355,310.74091415830503
159,676.4258437134185,19933704.0,900.1999999999906,337.8257626718535,324.1831325301192
160,552.3566848081782,20098504.0,895.9183673469224,352.7717139153254,379.6946035975988
161,602.0792761841518,20268392.0,895.9514170040312,355.9040051938384,343.57469547257335
162,591.8492789433757,20415862.0,904.3999999999917,319.4461286219874,312.9632485029935
163,614.7516015830392,20575361.0,882.7441860465044,334.49382586572045,323.82165339400706
164,555.8686087596792,20739461.0,892.0318725099506,351.2277604438496,344.44653505237613
165,553.163567757108,20900499.0,900.1999999999841,349.8601930803308,366.3001384237092
166,638.0112712268773,21069566.0,815.8249158249002,340.20961917995055,331.7434440559432
167,603.957539774962,21239240.0,903.9999999999848,365.8481896122973,365.3549520766758
168,667.120831558726,21410470.0,911.8999999999841,366.63143209459645,370.4317998994456
169,646.6727299361114,21584343.0,907.7999999999892,383.6727012252626,425.6847183551004
170,606.7819419502073,21749622.0,909.5999999999831,364.564499508779,389.9947725551843
171,672.4220275134755,21920821.0,862.1212121211972,369.5655329915364,390.8040880503104
172,555.1062064337235,22084765.0,895.9677419354689,367.4286980772007,349.04075772452654
173,627.7724542721095,22247129.0,904.0999999999915,353.16430585784894,357.8887942845948
174,613.1207913167527,22402566.0,908.1999999999853,347.0415932921393,353.76791394355905
175,609.0354063313393,22570399.0,903.7999999999895,365.85685688418454,385.58503425054744
176,629.6058962726954,22733693.0,881.8650176678303,365.0960826610441,388.0475834013831
177,602.2080440637923,22898144.0,906.2999999999835,375.0640033877322,369.375313440883
178,676.213250053885,23067733.0,898.208949416331,376.2567692598158,363.64277298548086
179,567.1683952079368,23226038.0,913.5999999999859,359.4634758854807,375.10163198694204
180,625.2823825421978,23392955.0,908.599999999983,389.4077502674152,417.2623861096754
181,590.8720587210435,23553605.0,868.085106382967,361.90588663467884,382.6587295830448
182,694.559707035827,23731071.0,900.6999999999866,390.9638402577129,441.04596428214586
183,623.028749098068,23895031.0,901.3999999999893,356.8839728501631,359.62118119975037
184,594.5554202500202,24059335.0,866.165413533816,375.38767119320653,404.40326760811047
185,609.0452836422467,24230442.0,903.2999999999853,394.8395174951676,421.3136943814815
186,611.3642175851876,24391234.0,903.3999999999893,368.344002676862,383.1217171717145
187,600.9171242046093,24556052.0,915.299999999985,396.3566075410789,420.4263386456637
188,618.2364839750089,24726354.0,885.2398523985154,389.8290052464506,409.1190614722944
189,621.8757871970163,24898143.0,895.1238434163593,391.4091921461658,422.7903871957035
190,679.9112653811242,25068583.0,906.9999999999819,382.5636940122547,417.4131812631785
191,620.2205760477842,25228619.0,905.1999999999928,368.6042157593566,371.6251747115193
192,581.2109170219148,25400887.0,907.6999999999924,402.6982406074928,448.2095209806554
193,638.9377854041501,25571844.0,902.299999999985,373.0877349443344,390.67137073452477
194,654.2925506649798,25739426.0,908.0999999999881,374.16717334856133,408.1896593873687
195,765.9710149422431,25919372.0,904.3999999999925,410.69631538750065,437.3287603472601
196,618.4908830405172,26085510.0,910.2999999999921,364.4352307222367,373.1314256426099
197,686.756902986569,26254091.0,900.2999999999893,369.3803885151269,353.1535226628266
198,556.5338359634877,26415464.0,906.3999999999838,376.594257277045,432.5307692307648
199,659.2617859073588,26584962.0,895.9677419354705,383.25253086654976,397.2065840061494
200,617.5051632303459,26741623.0,902.9999999999832,345.1784540692628,326.30315812884487
201,670.2777404913512,26910524.0,896.0629921259741,365.12326265768223,387.94308176100276
202,657.8289801347976,27077260.0,912.899999999993,356.1066286078695,369.48109778943194
203,666.4885534331512,27236553.0,905.6999999999839,343.4396105627041,319.67355787843474
204,655.9398799657887,27406151.0,910.1999999999931,383.2248411188525,405.2566593572078
205,667.0474373420977,27575478.0,900.284773662542,372.4872563853045,390.0669503421616
206,592.3635884980883,27745332.0,901.5999999999912,380.36240925815366,413.37978055697226
207,555.2368927530798,27917438.0,915.6999999999925,389.12310240072804,389.5902029792065
208,584.1336812737055,28088755.0,902.8999999999837,387.76831479462345,417.8166224110423
209,589.7177839060772,28249737.0,907.7999999999931,371.1600319079014,363.2574662994013
210,601.7643783235019,28407666.0,902.299999999988,347.3820790434564,308.0837955148289
211,625.5560287413065,28577202.0,912.0999999999858,371.1876168816854,375.1629622837555
212,638.3109406873019,28742655.0,904.3999999999917,372.3593854764515,402.6725158562339
213,666.6724624644063,28902794.0,910.0999999999849,340.6299356714676,300.03747412008295
214,635.4812982094229,29066160.0,902.999999999992,368.49795929697257,371.77810867293226
215,665.2648706441818,29232257.0,906.3999999999935,340.25865250468036,346.824813117915
216,602.4296747717542,29398509.0,902.5999999999873,343.4190066605752,341.9922735245851
217,610.6907178815254,29569690.0,906.099999999985,377.37985765826755,420.4416397244053
218,496.0003978364647,29728475.0,917.4999999999856,379.8399556178978,398.3115924092383
219,527.5243333670792,29896984.0,902.8999999999841,388.7343789407566,433.21288200768765
220,613.9608587724595,30048299.0,905.9999999999859,360.56151434377955,377.385825027682
221,627.5004242665293,30210943.0,889.323843416358,352.75191567896366,351.6944302883579
222,673.5926076214064,30378996.0,903.4999999999906,357.77429178211923,381.55058043117606
223,603.7417301434026,30546469.0,910.699999999993,375.114891138469,402.3039523787654
224,643.0764964413237,30716638.0,907.7999999999859,381.10837345833335,396.7363047835716
225,642.1426550045471,30891682.0,885.2941176470416,387.29022816848607,417.66319528632414
226,626.0459112980413,31054922.0,910.0999999999915,348.3418250286371,356.5766007211749
227,559.2673422890894,31218252.0,908.899999999985,382.6749740580465,392.5285953177239
228,620.1505888348922,31384876.0,879.9230769230624,361.94379928903743,338.03523035230285
229,591.8233186920411,31555527.0,912.7999999999867,371.10498225798233,414.11727963394424
230,630.9650827774957,31726246.0,901.6999999999879,392.3683852810472,430.46627906976335
231,559.6568579193834,31893229.0,905.6999999999873,381.55689974494715,419.6473563866395
232,656.3219675600267,32066874.0,865.9863945578153,380.171766198054,398.4831655462057
233,654.8750348900395,32239889.0,903.5999999999838,381.3233804697634,387.3882369350912
234,650.2029155441185,32415143.0,893.2663755458371,421.4229081753525,461.5550648891526
235,661.820857862805,32591504.0,901.9999999999923,399.04351640854287,429.0040880503094
236,594.3498329083269,32761168.0,903.1999999999875,395.4593373938912,408.35568050749373
237,574.216581459243,32934548.0,849.999999999985,369.55468566842285,393.8690405001345
238,664.2984263620743,33107692.0,900.5999999999894,374.78488916192543,408.7018391465177
239,595.1758283628985,33275898.0,903.9999999999901,389.3338821860918,391.75224590255425
240,665.4607958529509,33447945.0,907.3999999999855,380.1491368539786,417.836058329648
241,643.618309462164,33620661.0,906.9999999999927,392.69445008943944,410.59466635535
242,651.5674918415776,33789801.0,918.999999999987,386.27139334205276,409.3413123914499
243,647.7591049907695,33957295.0,900.7999999999851,380.2510137605082,404.4239036039922
244,663.5183821626681,34131258.0,902.0999999999894,386.0330360966872,379.0499999999978
245,729.4775935858509,34298276.0,902.1999999999846,379.51306418511814,397.6004955151636
246,670.3158413882484,34466915.0,896.2825278810291,375.5958443468182,403.3357775657606
247,639.7820407087174,34630077.0,908.7999999999913,386.6361864129,386.6773619351868
248,663.1695201887865,34787383.0,877.7777777777634,343.33239959406785,356.35780846366805
249,577.6948002426457,34957998.0,912.7999999999929,420.64324140896207,454.14481045269986
250,654.1196068279129,35124105.0,907.1999999999834,398.5916740000164,403.790286355977
251,652.6315145537045,35292654.0,901.9999999999857,378.2095822097209,382.3217109711382
252,617.920781060887,35466688.0,886.0627177700217,413.0531385358653,421.29754282305174
253,519.5838271956852,35637052.0,911.9999999999945,418.70746379605873,426.0993072194964
254,653.9838138473608,35816012.0,892.2779922779761,398.5448954037478,415.5615384615354
255,631.4872654785818,35984699.0,914.8999999999915,386.24777977737415,382.29197235163895
256,647.7840755608858,36158390.0,896.3099630996217,388.73408431128485,390.3968381311912
257,610.3027961643295,36322508.0,903.5999999999842,390.0248598931593,383.65721649484294
258,654.7057613374446,36495607.0,903.8999999999834,394.0428811994571,378.35751879698785
259,549.5404841205642,36660560.0,902.3999999999858,373.51246870134577,378.9992975484743
260,676.5534866324031,36838498.0,903.8999999999842,402.3931868625618,375.91410263981334
261,624.2682528715007,37009478.0,902.9999999999828,396.08066837789477,414.91185151376567
262,600.9795795204566,37181055.0,892.9824561403344,396.09044768541287,398.88744499387354
263,541.29089543125,37341918.0,900.7999999999842,400.91891879089565,387.8662213599198
264,661.1248078446349,37501751.0,904.0999999999822,367.69176350249035,342.8840611079721
265,653.5646985990436,37673044.0,908.1999999999936,395.8073568284333,389.76226053639505
266,719.690379514698,37844453.0,907.2999999999855,400.358857953557,404.6120879120857
267,620.3761743966118,38011010.0,908.8999999999842,380.89503537610346,369.0793235266637
268,675.1893498243239,38181972.0,912.299999999986,401.8271003436861,414.2312479145791
269,498.72158604735534,38345024.0,901.3999999999836,380.87504615439815,387.4207676144351
270,593.4542904288332,38513831.0,887.7049180327698,396.278191355056,413.40533673633365
271,617.3330725868381,38675326.0,909.2999999999919,364.1014660121616,359.0835535874889
272,650.2040616950096,38841664.0,901.3999999999846,351.8965189532214,337.2190144313864
273,666.4940385095489,39008729.0,905.5999999999872,375.9250884620301,391.01343537414766
274,664.4485482804942,39168926.0,901.8999999999837,392.06844380759344,404.88278268664146
275,659.3358309325799,39329576.0,908.8999999999909,366.72156416091093,404.9808668076082
276,561.6659922112888,39492915.0,908.9999999999935,423.70611233028956,449.292675952397
277,721.6780852546491,39658964.0,908.9999999999901,395.4367840851575,394.2957042957023
278,630.5652852107105,39835090.0,909.7999999999921,419.3431113558148,442.46011925473397
279,595.0749794410633,40016203.0,906.899999999992,445.03112776431675,471.0945021605184
280,608.1578412266649,40181661.0,904.9999999999834,405.8113322776246,399.9521361465358
281,581.7901962881922,40350556.0,905.0999999999924,409.4819823686495,422.58753375085064
282,693.5488289107072,40519505.0,901.0999999999893,399.8036143710488,376.74689922480366
283,622.3205750683774,40688823.0,903.699999999992,428.539363241371,403.2836849940941
284,593.3336859475305,40853196.0,903.2999999999904,397.6109324661054,409.3722014029976
285,488.73752537237334,41009895.0,902.2999999999861,397.5632994296457,409.3067084078686
286,667.4756756125408,41172929.0,905.0999999999864,362.7764828677482,350.8844088535567
287,617.0657357713443,41340583.0,905.1999999999875,389.16583796491364,376.1309523809505
288,616.2455671420382,41512394.0,904.599999999982,406.54244655930046,426.16205757432454
289,669.4302269040655,41673099.0,904.999999999985,376.28876651718093,348.506903679205
290,548.8454307040735,41828476.0,893.4692307692168,388.0296399716441,389.659841864334
291,590.3494412293594,41987241.0,903.3999999999885,390.0576025305803,398.5738682945505
292,587.5037351294345,42148683.0,909.8999999999911,373.4398170709279,358.7476643598602
293,605.9865532336418,42310329.0,917.3999999999917,380.89801096036905,366.7899898050191
294,678.1967457553999,42476424.0,908.9999999999903,390.1683249645276,376.3785622357035
295,665.0863722337608,42644662.0,903.9999999999891,372.7443318667193,389.3235689158905
296,592.8794728459306,42813578.0,904.4999999999851,396.7691528187608,413.92299035369376
297,558.3538185359996,42978439.0,908.7999999999838,379.7634856602244,355.84585529028647
298,688.1207706114237,43143661.0,900.6999999999873,373.9450314362637,346.22273786226685
299,589.0340041412239,43308888.0,906.1999999999832,378.63726039218614,373.4533589182147
300,589.9265007490488,43475658.0,908.4999999999852,361.78755532323083,336.68616029360635
301,577.9850826122217,43639081.0,880.57479674796,348.3135369425917,334.284372638783
302,572.795175460926,43807328.0,870.954356846462,377.06874547393556,388.50177312539876
303,609.4867543587325,43985714.0,902.4999999999827,382.91871775440796,420.279789440925
304,659.2089601969708,44159450.0,901.499999999989,385.2020805706239,344.53674822658485
305,662.6455335403232,44327097.0,862.2641509433855,371.48131190005284,370.5181213710403
306,562.797801834456,44486461.0,911.4999999999925,365.96688381540946,382.7791516796003
307,594.5041131176501,44665041.0,898.9480620154959,418.22384245971773,435.2495004994976
308,649.2291039385466,44830849.0,901.6999999999883,370.3096131661176,360.0473391150074
309,614.0118060359168,45000131.0,892.2178988326739,388.7713459024744,389.27440403165474
310,556.1073791014776,45167198.0,906.6999999999899,395.16093507847114,447.36801991621854
311,684.1572856851689,45332533.0,904.4999999999884,408.19317216864687,463.9071428571384
312,609.5331402825058,45496841.0,902.4999999999919,362.63471887844025,345.2895402832583
313,723.8186236643048,45675353.0,901.4999999999894,391.25902149335445,439.0657673063479
314,675.3471428069729,45836241.0,906.1999999999824,360.1926636490648,340.90116378207745
315,569.919122517344,46004374.0,902.9999999999891,382.049123826259,384.7674175330483
316,615.1084803915044,46169315.0,810.714285714271,368.19719734131303,367.47866344605285
317,723.6158057634963,46344839.0,910.4999999999864,381.9495598333475,377.0123954295009
318,618.4149709408189,46511660.0,910.6999999999932,393.3009541906486,402.13664372652977
319,621.1392460606523,46684423.0,901.1999999999816,387.4235184770122,379.8289125582147
320,600.9744308892563,46859088.0,900.5317460317345,402.8404387107464,423.6773037542613
321,667.3955846164893,47040177.0,841.8181818181673,390.21516906642995,404.917064038413
322,609.9823640384614,47206546.0,903.199999999983,376.35498480489713,372.3400370284629
323,578.8946475363869,47371353.0,904.499999999984,392.3832144049996,394.42236343469597
324,643.3073045567216,47535065.0,889.1304347825984,395.3391125485113,452.5084389749637
325,677.916439064516,47711712.0,874.3589743589635,386.4824251403394,410.75472068679005
326,691.7578200200144,47887644.0,900.6999999999865,380.16513182675686,391.9058999064292
327,652.2372454438143,48068270.0,884.4961240309997,405.19314692270456,420.64690684692516
328,601.4208721919313,48235507.0,889.2086330935089,377.1942294028929,390.1456850053906
329,634.3839813202849,48415817.0,904.5999999999838,421.0162137797913,473.9953598760012
330,598.7264305081035,48591070.0,900.0999999999893,385.9217262936083,368.6007161613733
331,643.1287281006349,48761414.0,906.8999999999833,396.31887681907267,413.34712380293155
332,616.2534077741814,48923932.0,876.8845849802262,361.39416531158065,380.4222697336745
333,587.2568212790518,49093456.0,892.6199261992523,397.1092422190722,418.2912970241417
334,665.7553281823714,49267339.0,900.3999999999868,401.4107960125654,398.6592351162724
335,525.1544616304366,49442528.0,907.3999999999926,414.01615119665234,436.80678378192545
336,642.8450350610788,49626837.0,874.4525547445089,397.33422744238726,415.80182926828894
337,532.566665997175,49799252.0,897.7909090908943,406.37082426889157,417.29039374534386
338,565.529409786229,49967628.0,879.3436090225397,383.3773946209001,424.26016388926826
339,583.7861665271427,50139651.0,905.0999999999822,373.2649393808338,414.00801123704025
340,716.6139459956089,50314323.0,903.299999999989,386.3455169363567,384.441641691638
341,612.9591233370107,50491026.0,903.4999999999906,400.8306259130184,407.02608679679327
342,468.7928589630663,50646138.0,903.1999999999834,379.7516529457056,381.5365252665989
343,516.7178425939431,50807188.0,910.1999999999853,388.0540214052214,401.90177015903106
344,647.7656000728867,50971111.0,904.9999999999893,373.1614961370833,391.7104395604376
345,603.165601398868,51142306.0,905.8999999999922,373.1161083184447,376.3372483221448
346,609.4896282203149,51310264.0,892.4528301886688,361.1930860003447,386.0718000343712
347,635.8059630012598,51481271.0,905.8999999999877,378.8248552217893,391.82759737378956
348,629.9723090278168,51658186.0,899.9999999999887,386.54710110523433,400.6478080442622
349,662.4672363527925,51830399.0,904.1999999999833,376.76057148016014,385.30822996183
350,601.5239401848709,52006975.0,871.4285714285556,386.4798075470355,424.7102579580874
351,657.8446060816494,52182356.0,880.8562499999872,388.4708603915579,430.16944444444175
352,606.6887119963214,52361055.0,906.8999999999853,403.9923482296818,404.5034233365453
353,623.4433617663111,52544108.0,859.558823529395,405.3380680658171,418.1464715710804
354,515.33412659996,52703232.0,892.7536231883945,391.2551679521032,437.44862084621644
355,598.7257830917849,52874304.0,889.7857142856977,396.60981409930156,387.6762933657917
356,659.4265311402373,53048332.0,859.8393574297073,396.59357176227934,438.8871752165172
357,629.6878233933422,53217852.0,904.3999999999832,379.10052441342,361.36853072757106
358,614.8288404207975,53383082.0,856.0439560439468,350.8129914400764,327.891590563165
359,556.2488171177878,53545914.0,907.3999999999849,391.3375441940433,379.517962881128
360,609.8751070742939,53724570.0,902.399999999986,406.69009227041647,442.7780297304072
361,614.7244432728804,53888957.0,907.4999999999839,379.1792133754412,378.7987069910122
362,616.1404713962463,54043991.0,912.9514170040345,354.9278210954918,331.80872483221344
363,611.4168927162073,54212883.0,819.5402298850487,381.14810096746805,375.24285508626383
364,676.5552950881652,54378214.0,863.5036496350199,367.5939028311461,344.60391684489923
365,600.7004941602114,54545362.0,917.0999999999935,409.57698168961826,415.41683823122025
366,592.3260646842683,54716487.0,892.9328621907973,376.84934980636956,384.3345538026814
367,594.2460437405866,54890418.0,915.0999999999941,396.1066213120496,410.6464445903034
368,594.4342124615915,55065409.0,901.4999999999812,400.13892589574857,403.92244796020077
369,668.0264688253561,55241652.0,863.6363636363493,399.6743124779683,429.7888650780011
370,655.094345241388,55420538.0,915.9999999999865,418.3053084394754,471.96433624635415
371,631.7520428613849,55586726.0,868.6989169675011,363.6700259086376,354.472131147539
372,583.2601713384375,55754364.0,884.0065573770337,368.8471691185491,344.79274447949354
373,717.1784841992286,55936443.0,910.1999999999889,420.51082929022994,447.71296296295856
374,613.577024904556,56102363.0,908.099999999988,365.6386473391782,380.1684446910983
375,659.0512391337644,56277769.0,902.6999999999853,392.2417847904586,392.6916938110719
376,557.0881836038504,56452400.0,901.9999999999886,420.55616604114255,463.26190476189913
377,622.6741818195311,56621626.0,863.5036496350222,388.31225745981925,403.766208476515
378,586.1772097909944,56795728.0,896.4157706093064,407.20007315441967,437.8822772452933
379,557.125048717161,56970175.0,896.5397923875344,417.99116552121757,462.85354609928737
380,628.5379481553589,57148087.0,885.6115107913516,386.35190412168095,424.10285338015296
381,583.3132293260445,57325025.0,882.0788530465833,406.11547837957363,422.0874361408713
382,654.6591659600349,57508312.0,900.8999999999846,411.6321865574077,468.26483253587827
383,563.953843887025,57686981.0,859.9999999999856,410.0799597098007,462.2187285223322
384,648.3988569698676,57858510.0,847.9553903345588,368.6667053390774,405.3744051634035
385,612.5897679418749,58034832.0,905.0999999999896,389.96903888471223,440.0664432821132
386,618.8033106876928,58216883.0,829.6874999999873,390.74674999076,430.1166886109244
387,615.0938044747854,58389184.0,859.9999999999844,407.1141299092867,448.1917029733184
388,673.9391225768386,58575282.0,854.5454545454396,396.87059972626844,431.5027922561394
389,636.0706866002381,58754093.0,849.0196078431212,388.1749478103946,408.7757327673309
390,652.2469369613821,58928510.0,840.9448818897529,377.3604180789632,393.33481877599104
391,611.8961878922426,59099927.0,880.9885931558756,394.55085074393986,444.70397478468703
392,612.9057856942526,59284850.0,900.6999999999827,411.287925831201,453.727413127408
393,592.1825365153608,59462211.0,865.1593625497914,409.2581978821309,452.59226146312074
394,666.9310219565641,59642658.0,854.8872180450963,400.92998349335585,417.56923076922874
395,653.0936354954263,59817370.0,895.4128440366834,380.1088515499212,394.0255956667676
396,658.1011537456283,59989224.0,901.6999999999915,373.4264916510026,377.8423785936143
397,581.3239778929393,60156109.0,904.7999999999903,383.1227859560963,412.74219714711234
398,642.0735016287849,60330354.0,900.1999999999925,397.0719368488046,402.6905809723834
399,586.5604754398327,60506145.0,904.9999999999853,380.58904196375556,429.83815369676427
400,554.9990675219997,60679957.0,907.7999999999925,384.1563630944953,397.5121521335785
401,497.48002067862205,60848950.0,904.6999999999862,401.8822918327413,452.1412986378305
402,610.8458190680421,61026109.0,901.0999999999839,432.2686672375824,486.90228687169895
403,633.7140914437148,61212349.0,872.8682170542553,427.55194885049104,465.1011855319755
404,630.8830906545111,61383478.0,905.0999999999832,394.795289335962,453.5844393470558
405,536.2428491827949,61551042.0,902.6999999999904,385.2177332438694,393.6627627627604
406,696.1230098888991,61725851.0,900.3999999999842,400.4973312760131,439.46363636363344
407,643.2824599205703,61897129.0,912.9999999999847,403.2603637463273,437.1149966821441
408,606.2481038699609,62068946.0,911.4999999999875,399.9174434803884,405.86855282949085
409,566.6746093187397,62240734.0,901.6999999999848,398.6938555421903,388.9809931806226
410,643.771571888655,62425922.0,905.0999999999931,435.33420703835503,464.7707121551042
411,623.3951599613575,62599300.0,905.5999999999894,388.7606051788249,413.38070972712046
412,678.6628585070561,62769892.0,909.3999999999944,407.5222907252404,435.19161392404595
413,616.5904084502278,62948589.0,892.8315412186241,425.9232300522484,435.46666666666323
414,643.3431605292251,63122903.0,903.4999999999869,381.6854330887847,393.3966089466057
415,644.4643436239915,63302554.0,902.9999999999927,402.5923392995621,387.4539987503886
416,642.6399354210778,63480726.0,900.0999999999834,386.1142291167282,431.77205289107536
417,646.1194289681307,63665329.0,903.8999999999913,436.63918228695695,512.4928897772633
418,609.0600078864987,63830402.0,894.5086330935094,369.38528111594496,387.03504552491387
419,596.5552961307059,64011817.0,900.5999999999897,406.09793495538446,430.07403100774934
420,693.7995730237452,64180949.0,888.5072463768025,387.18525375902374,424.9589462261852
421,622.252521971881,64360779.0,902.8999999999894,408.20724564169575,408.3692362877415
422,620.0402571232675,64538688.0,906.4999999999905,420.8559291540289,454.95318995553953
423,648.7232065527579,64714341.0,902.3999999999912,408.64164120004875,423.45668800064186
424,616.5696934369205,64893435.0,880.0476868327285,403.42107605344734,440.62858220210757
425,599.1019300905524,65065063.0,886.271074380156,392.57016674908397,384.7808268968629
426,661.8101687700735,65247553.0,904.5999999999915,401.63868546219385,445.4175382653017
427,564.2507195182909,65423836.0,908.0999999999827,414.1451563280006,422.48289036544327
428,592.9265758074145,65597921.0,902.3999999999836,405.3693657175521,412.2118946802409
429,613.0939541044115,65771477.0,888.9298892988824,375.79901099699083,409.2175369288875
430,503.4607764157424,65934672.0,874.4824427480805,394.3183895412991,424.27276264591103
431,665.4956125791489,66113607.0,907.8999999999893,408.5735789446206,425.9210578670562
432,572.3819717214967,66277687.0,906.199999999993,395.2966625279098,408.89370485035715
433,666.6586888054467,66451699.0,907.1999999999834,381.4504532991781,378.70364882795025
434,644.1529766668414,66625915.0,905.6999999999907,398.6302647859379,435.8360054685518
435,653.1311794003627,66794266.0,912.5999999999926,418.17148354502524,431.3134973342652
436,668.5392928215491,66962352.0,917.0999999999918,387.8968452326211,396.1992672807311
437,636.7374026752378,67125563.0,915.1999999999917,375.03896529108926,383.61181751188803
438,726.6197594924005,67297096.0,915.8999999999858,411.74276988868326,442.56914893616624
439,652.0202716582132,67470676.0,906.7999999999854,405.7631681495575,446.19888337468694
440,497.88791446057905,67636353.0,913.0999999999889,415.2987310459716,444.89076576576156
441,505.41066993700116,67805461.0,857.665587044518,388.85400826778306,420.62011233638816
442,608.2806524492187,67976042.0,901.7999999999922,388.216225817971,398.3202742772388
443,653.2492828547153,68155464.0,902.2999999999848,406.76767530328385,417.1036446966351
444,636.937105011905,68330284.0,860.7843137254732,379.9123743462164,399.4713352773179
445,593.3045212383571,68496029.0,868.8043795620297,378.01873835917394,382.2208095038801
446,573.2130881348183,68665523.0,901.6999999999919,409.26808067619714,449.73613445377725
447,576.3333709931637,68836857.0,861.9377162629664,391.7089384353301,396.8032440241634
448,658.5341567473374,69003441.0,903.5999999999924,370.4838283562614,392.09223974570233
449,637.9525161817566,69176868.0,905.4999999999924,389.6422414651055,400.94815078235854
450,586.7507337206165,69356037.0,903.8999999999905,417.3896998864857,449.1669722397806
451,632.999207940408,69532881.0,880.1992366412117,390.3934466463067,416.49102860329583
452,662.3085663941686,69715444.0,872.5490196078267,429.0165926466158,471.8700223482124
453,675.0189547805987,69891274.0,906.0999999999907,418.227738006811,466.7661082555951
454,668.5126479788956,70070509.0,902.1999999999849,406.2551849213981,417.16044885945354
455,654.8009728909453,70233008.0,902.1999999999832,382.23700473841427,359.9406497520741
456,536.9252241108883,70401609.0,909.2999999999913,390.75872569967447,395.98389719861274
457,638.5973824109308,70579427.0,901.3999999999918,416.55600819421744,445.3521279323122
458,594.3371995243293,70748091.0,909.4999999999865,380.8018088677259,407.64561157796163
459,643.2803112580708,70922593.0,900.9999999999832,379.9646948971237,368.94784762353845
460,660.8531429174849,71100203.0,831.6546762589775,377.3331949635323,414.37338162478954
461,584.4415567040472,71265489.0,818.4397163120469,372.13789526568536,368.72108772615525
462,649.9266198157462,71437625.0,905.0999999999918,365.78388063940855,387.6707958469882
463,662.8550124508563,71609000.0,901.7999999999927,397.07392503134645,424.7177569048387
464,649.4396590041503,71779737.0,902.1999999999831,356.4757467368233,365.8297494175716
465,626.8258164946808,71958931.0,892.8315412186256,387.7660223060998,414.5198619787517
466,578.7299528896566,72136960.0,893.4966386554536,419.3750554242911,474.4417047184122
467,572.3851795848311,72312745.0,900.9999999999853,407.6561053667117,445.60023032554784
468,640.8319519335522,72499348.0,874.0740740740598,411.8984971617865,422.27453072931576
469,624.1277131608664,72676807.0,860.9929078014079,393.53305906153946,427.8468253968218
470,592.4131233618673,72853910.0,889.4366197182931,386.3407520254487,418.0474582328209
471,617.6834120198181,73033591.0,874.637681159412,408.0978716876553,437.51652661064065
472,684.2556851168945,73222621.0,822.7467811158689,415.5515016910302,449.65319331859104
473,694.1705385267426,73401392.0,869.8275862068799,396.59658172717974,467.6827952649944
474,587.1444317454237,73582468.0,845.9459459459318,401.28234358769055,443.1009795324974
475,623.0346229230057,73767045.0,863.099630996301,412.542098670277,488.09809941519956
476,687.3763172803548,73945615.0,860.992907801408,385.9982594219054,426.39136855622485
477,639.012681374387,74132416.0,900.7999999999919,402.2629668892956,422.3698068157123
478,624.4505291119057,74317740.0,820.754716981123,408.75288492864803,471.8353992880237
479,540.4935323869355,74480793.0,904.7999999999929,406.0275019110177,462.5979242835189
480,575.651638322405,74661380.0,896.1089494163309,428.5095784613895,502.91505241598037
481,643.3926460885443,74846238.0,884.7908745246976,394.268562568304,462.058119935867
482,659.7442614558904,75028045.0,879.5081967212943,405.87955450120734,472.0266785502042
483,590.3214904189739,75202470.0,904.4999999999899,394.0219779999412,431.36246957498236
484,619.4589276328721,75372969.0,906.9999999999875,388.6344637361424,429.8610090289841
485,691.6809992704939,75555140.0,832.4894514767849,394.00443163250367,409.82700301944794
486,633.401196417871,75733477.0,912.7999999999937,380.4064802122893,412.18334249251535
487,517.5514023799202,75902389.0,899.999999999991,384.4937510373075,465.44270462632994
488,649.3612206690602,76085798.0,892.0318725099517,387.9656618670402,413.9833243558631
489,670.1670537440947,76274854.0,905.8999999999902,423.97632860381884,476.73729174692807
490,654.3332535882455,76460053.0,902.999999999984,398.4023931598688,468.712885627379
491,626.5599026539018,76648010.0,901.6999999999891,423.22224696987075,481.7241687236773
492,592.107234358482,76835248.0,861.6858237547806,418.64249531179956,477.80701754385086
493,701.7767162372305,77023616.0,900.0999999999915,397.5750987028742,442.478592702898
494,628.0644122447499,77208163.0,902.3999999999834,405.2738302301196,448.9913268104724
495,583.4114362671668,77394559.0,837.4999999999877,425.77052054476735,509.46913047367104
496,626.4607897400598,77580312.0,859.8540145985239,424.72069439672924,495.8046906843664
497,662.6622421030804,77760353.0,902.4999999999891,392.2086941121021,430.4430934573102
498,716.8747992249544,77938335.0,901.6999999999896,388.15722006681193,430.677970427737
499,657.142422938058,78118646.0,906.1999999999938,410.6908349267153,465.5569620253114
500,564.341038884934,78309021.0,882.0788530465819,441.29819243626343,482.5844494559499
501,690.7345392401804,78498493.0,902.0999999999885,430.9177784273363,491.6640893470741
502,667.1775563979699,78678034.0,901.0999999999818,410.46560404545596,461.9282051282016
503,599.4478632681495,78856365.0,904.0999999999823,410.11750668412014,479.3236364523316
504,649.5809136579969,79043811.0,902.5999999999891,430.73569389565307,492.0324869677224
505,633.4238843458397,79221520.0,901.4999999999852,404.6059185118744,437.98630595453574
506,633.3503467184798,79398854.0,903.2999999999847,417.8961494473387,493.4168081493998
507,631.4100091699253,79579912.0,881.27340823969,415.3719648970572,438.93005647811003
508,657.9791209035168,79768725.0,884.1357429718761,420.61656240471274,476.5640046541099
509,603.7447068145342,79947088.0,899.9999999999836,410.1364381696432,461.2618234823863
510,580.8825327053465,80129996.0,886.9999999999872,422.3255746444546,478.1321105162924
511,647.4534976103988,80300991.0,869.2307692307543,404.2637935511734,434.69248506487696
512,582.2493901371739,80476384.0,904.0999999999921,406.9293835067822,450.3602052042828
513,581.888224427532,80652594.0,904.6999999999834,388.102282542733,427.99907120742694
514,614.1675376199977,80819599.0,869.9248120300585,387.04779445167617,411.5007989832108
515,672.8896403926999,81000138.0,911.9999999999856,391.22446941580375,425.7964593763138
516,674.5725677448927,81176527.0,903.1999999999842,396.76354940160326,426.43161967937573
517,714.3492573876406,81360833.0,885.8657243816091,401.83223761610935,399.02914813547386
518,695.4610672833874,81545552.0,900.5999999999904,405.7114583336186,439.52457166489114
519,607.2770588413853,81719117.0,892.5925925925783,385.09359235138584,436.0466761633385
520,708.9019597525911,81885821.0,900.9999999999837,372.70069920450305,364.33490018806674
521,619.6267817664748,82058980.0,916.7999999999918,405.72504468548584,456.2783421831134
522,702.3633593550651,82227422.0,881.9494584837456,390.2909291850825,423.10819401611957
523,593.8914134854524,82406655.0,903.999999999985,412.44948436736473,454.5944479737379
524,628.1841996376146,82581416.0,911.6999999999875,395.9243881652876,403.3609289617451
525,590.3042337552881,82755469.0,903.499999999983,381.8584207671076,397.231623550398
526,643.518476735239,82929172.0,904.4999999999918,391.93394442116295,423.23310533515456
527,613.1927284902107,83108605.0,906.9999999999912,421.5843662175171,476.8688608776785
528,591.5513374155315,83278620.0,908.3999999999918,400.34055085081013,425.7273102689429
529,567.194071204399,83445726.0,888.6363636363493,365.72566988538097,387.5382653061205
530,623.6438970556266,83631547.0,851.4170040485669,415.6914909665692,461.1990384615339
531,651.8273583142386,83800138.0,908.0999999999854,375.94683519664727,404.56866079764984
532,660.0090843082846,83974782.0,901.499999999983,372.3268471789521,409.78244506778617
533,616.4247397483666,84145039.0,884.942911877387,374.43096346738514,392.3140414624494
534,692.1807648718886,84323702.0,881.3432835820742,388.1014444690288,406.96712467164843
535,533.1876699052879,84497763.0,886.4630824372634,417.53181934592214,474.54614223730897
536,594.9066887051921,84678256.0,904.6999999999921,414.7501334448745,435.2158034648413
537,593.591392429683,84850737.0,906.1999999999884,395.4914438484727,446.8040365522979
538,572.1705493245518,85036055.0,876.8934156378492,424.5506070970303,453.77847203421516
539,666.6407147290678,85219240.0,910.2999999999882,405.4025926393432,437.69100728854846
540,683.584250221672,85395788.0,904.1999999999906,405.29945283684515,455.0989858941109
541,602.5715145908209,85573267.0,902.8999999999875,392.65673635357086,418.3401602553595
542,562.4496137755093,85753787.0,904.1999999999895,418.60301080472533,485.7861498285697
543,626.0853189906838,85933291.0,876.8339768339598,400.5189234693622,428.0793787593107
544,583.6957871686739,86103474.0,905.0999999999833,396.1537204486251,427.1734572430061
545,647.6405587304077,86293436.0,902.5999999999901,433.7854338095928,491.69832826747245
546,604.3966499947618,86469673.0,837.9844961240237,390.58505653278246,422.7891364136376
547,669.6595879741035,86649781.0,885.4014598539984,391.4117325322399,432.0404999208944
548,662.8006559727739,86832573.0,902.3999999999885,401.2365800468968,435.2161621546852
549,635.3255800970618,87015776.0,908.5999999999834,419.79226039916335,452.70916486799797
550,656.3429647463455,87206843.0,906.5999999999838,425.5462757506315,484.58458968595914
551,677.0729699155323,87379847.0,912.3999999999917,393.2473558572274,466.8436308522343
552,646.2112132304758,87552123.0,902.0999999999838,395.4001178790944,422.8605891126
553,628.9639090599467,87727964.0,902.0999999999924,381.12434541940604,360.50805441697696
554,663.0366724185244,87908557.0,901.5999999999901,396.85879941101734,409.59508321548634
555,586.9149705846278,88086782.0,859.1836734693724,410.98710861925423,465.337833617573
556,638.5823188822783,88261084.0,902.3999999999893,394.69010946500646,441.6967437460326
557,626.1372134565057,88437056.0,904.5999999999846,389.96949293364014,427.0984024625867
558,577.5997719659141,88620218.0,907.5999999999852,425.13967799442173,470.3902277744937
559,585.8753590351873,88802437.0,902.3999999999845,420.16443841737373,457.9501692663381
560,648.6267228161836,88984911.0,905.8999999999844,420.7248605091998,456.87296015179885
561,625.4843192412065,89170574.0,882.9931972789025,425.10821688227895,475.84606273305053
562,727.1096507880831,89356231.0,896.062992125973,414.71636226313376,446.4203040173661
563,567.1042757830745,89526288.0,901.3999999999882,390.24399150330913,405.9371447178139
564,616.2237483517125,89708880.0,857.2953736654694,402.86916258679986,419.14368301961554
565,674.8382481885161,89898549.0,869.3486590038228,422.0794363774271,458.7152329749057
566,577.7471979099533,90064736.0,902.9999999999861,390.1883922984669,392.2037657022005
567,666.2574189134785,90249179.0,876.8339768339605,423.4690056420505,479.0179506933696
568,592.4155481535756,90419661.0,900.0999999999899,394.15182334925305,413.7050187101002
569,657.5351614098732,90605076.0,889.4366197182924,417.31653235663794,467.12530432529866
570,695.2327042372852,90786158.0,898.7371647509511,405.788335255864,442.12814569535897
571,632.0445858934756,90963983.0,903.1999999999824,412.37692338127823,414.7117674657581
572,651.1706829174568,91133382.0,904.4999999999922,416.6411722922352,451.54745305818295
573,637.4724711321749,91307823.0,911.8999999999847,423.2026535288541,445.8589956434653
574,663.6780929933948,91486248.0,905.1999999999921,416.3297189631178,468.91530528894657
575,528.0570158840959,91659577.0,889.1304347825999,445.6267304074044,539.185540069678
576,665.1066458620624,91835275.0,905.999999999992,417.1545947032357,497.2735121593491
577,692.1637888935018,92013809.0,901.4999999999832,405.96754343961163,437.0924510272306
578,702.0894000817738,92201052.0,903.5999999999906,439.7037420696987,474.2382752656226
579,608.424064627806,92382257.0,889.3510948904941,427.806612912909,486.10701754385326
580,625.2154057666678,92559403.0,875.8944444444263,421.10352718805484,497.7137029368854
581,658.2257312704845,92742348.0,825.925925925912,406.07673028043274,441.88882783882485
582,666.1984991844776,92938625.0,859.016393442606,443.06979121347086,489.37778218344715
583,707.0997567223616,93124994.0,896.5635738831444,407.65441040723135,437.3189071446311
584,635.0455853622367,93314973.0,888.1032258064373,438.95351961025995,507.9162298243515
585,701.7149230030584,93497857.0,894.0840579710064,430.2598717722614,496.04117622365334
586,709.769389135565,93686204.0,877.6119402984928,430.9413629717972,511.33339661445564
587,636.5106422657938,93866541.0,885.5595667869953,400.34289757974494,448.45864544994754
588,622.1443978101668,94042118.0,914.099999999992,406.24381945469196,446.5630665745996
589,583.0816623485503,94220213.0,836.1702127659465,384.7849409882209,402.0943661971793
590,651.837869900727,94407049.0,847.3684210526147,399.3849063097719,416.94348214848924
591,650.5066159484297,94595309.0,887.7551020407999,420.7266478322352,467.1054200387507
592,590.039186276919,94770823.0,880.3921568627264,393.16845033735785,419.5128084606299
593,669.944904600045,94955055.0,901.5999999999891,396.67623900707576,413.75177953534046
594,669.6134210324202,95141042.0,874.2647058823367,397.50604166737315,441.96871754333495
595,673.4425270519682,95324499.0,905.8999999999855,409.0866150877884,397.68145807370263
596,573.1229654483459,95492118.0,910.8999999999891,394.0742110756399,396.9699841780201
597,643.6159863687669,95663898.0,906.2999999999815,417.3141520829813,442.136160379854
598,648.7054930078962,95848880.0,907.3999999999908,427.4411613028462,452.2520701339886
599,668.1234189719387,96024752.0,901.3999999999902,397.2434180370567,413.71331746429087
600,610.6346688774086,96204290.0,892.0897233201491,435.06107500113137,498.6831615120228
601,565.614199114177,96380901.0,851.2195121951092,400.85968640703896,431.6876291039117
602,649.9449404273768,96571103.0,904.6999999999853,421.65845747670625,481.8895883777187
603,670.2654896652394,96755829.0,906.7999999999894,409.7409279443377,441.31062070446427
604,683.5057190678756,96928468.0,895.9839357429603,412.8824755869062,483.67007830995556
605,636.9120993716854,97116851.0,901.1999999999841,433.2968933315245,506.88679245282117
606,668.3602494523543,97306086.0,905.0999999999834,414.92095333663093,439.6458471760737
607,596.4627312597713,97482639.0,910.7999999999903,421.06931870316635,443.07219067941367
608,601.6113155426885,97658849.0,902.799999999986,405.4004098523946,426.7028239202617
609,692.4683102797546,97842591.0,905.7999999999884,417.61689262967093,468.8956434710881
610,595.2183710909719,98026123.0,903.6999999999853,437.48908667263254,503.23764596377447
611,587.890469322411,98202752.0,900.2999999999902,409.5766670104242,438.527500814591
612,744.6068448145522,98391522.0,908.4999999999856,436.489115664235,465.17584641573137
613,620.1659746963629,98564810.0,907.2999999999872,410.2491965677607,436.1448837502296
614,579.7724917168938,98746520.0,901.5999999999839,453.5805331398241,495.92914330448184
615,634.1501815001491,98921059.0,911.7546816479309,423.90762095577185,470.45486618004503
616,664.8775355364895,99112724.0,907.8999999999916,460.984930645123,515.8653294876133
617,645.1023405550684,99301222.0,911.8999999999887,458.19911126281846,502.9045243747511
618,692.6075011026417,99480878.0,914.399999999992,444.17092631183584,506.51382802810457
619,635.5514062792311,99663756.0,908.7999999999869,430.7772674612933,471.1801607688508
620,633.9107016279125,99844433.0,907.1999999999858,424.0214653438828,476.38856264936317
621,625.3425476773931,100012984.0,903.7999999999931,396.87295236718523,438.8219728564321
622,576.2122401871694,100190070.0,912.1999999999899,406.91810310172383,412.0747938250728
623,681.5154963847542,100367348.0,892.651094890495,419.6939936636832,452.85073494546776
624,637.2940606596501,100547747.0,902.0999999999918,421.7699506564693,436.28421052631234
625,655.3766618815691,100721502.0,910.6999999999889,431.8143518401579,477.31482654314794
626,529.3321919434491,100891627.0,903.4999999999839,419.88444951830286,450.66510980512794
627,687.1832709764385,101067620.0,907.8999999999863,411.1326678200411,436.0363976887117
628,595.2769566403318,101250144.0,908.7999999999835,418.17625902723796,433.09033183898725
629,636.5123944906154,101436961.0,906.4999999999897,437.0827002036501,468.85559420324444
630,659.1399205234682,101620839.0,909.0999999999849,445.82360029412723,490.30252525251933
631,645.6989663052376,101810379.0,903.2999999999903,461.5395676362877,527.7011292113984
632,578.397773739069,102003720.0,901.0999999999922,458.75930154096795,489.6354449409039
633,717.3227475104898,102177814.0,902.3999999999867,407.0530632911295,433.07304163725854
634,630.5317133085134,102353464.0,907.0999999999904,401.60131461179583,394.88298098535597
635,691.6089971781118,102532283.0,903.6999999999878,431.01661238558853,476.2068467187821
636,613.3083287212664,102709487.0,914.199999999989,430.5762512092297,450.366827438365
637,625.1294853747493,102883146.0,900.39999999999,412.7506045415225,437.4921362866836
638,644.7046530749014,103065687.0,909.3999999999904,426.3529193857022,439.35656543182085
639,612.8374890738249,103247252.0,903.4999999999831,442.24903372902,467.2257938310817
640,685.1904348797755,103426404.0,904.699999999986,441.2912563074145,472.6496290245682
641,641.9337023909394,103604516.0,908.1999999999849,427.58430536350585,455.65436500807596
642,677.3157462380094,103791443.0,904.4999999999854,445.12897380673684,483.69504776269156
643,708.0437036196802,103972374.0,918.2999999999853,435.8692298866906,447.83630754626984
644,662.98155457719,104152228.0,908.1999999999852,437.4044081761934,475.58878881695586
645,589.2732391777671,104329530.0,913.4999999999951,439.450206868526,469.997012138185
646,732.573447803435,104515348.0,918.5999999999865,456.19255517601226,486.6427551009576
647,658.1201724380145,104690761.0,912.6999999999914,423.9738760531785,445.60290934610106
648,649.2747293891757,104875008.0,910.0999999999849,467.8709663855414,495.02563304275276
649,644.667768523381,105057332.0,906.0999999999914,448.02165329480323,458.80125535823345
650,645.2032807114595,105230783.0,922.1999999999902,437.05105822433745,492.0813579480722
651,634.3045837284396,105401180.0,912.0999999999885,447.5448952922728,492.1191553603567
652,654.5097486692429,105573408.0,920.5999999999942,426.43603323192195,429.0224252491653
653,607.2329957462663,105756895.0,904.2999999999834,450.38773395977626,461.4877622377589
654,627.6582177795219,105937417.0,906.9999999999923,431.7317041359428,445.8266129032219
655,634.0270082756232,106112430.0,906.8999999999843,400.1715102464512,414.42967561893255
656,654.8397807966178,106291014.0,901.6999999999906,422.892570998452,428.39951200526457
657,726.5499827271292,106467910.0,894.7555555555368,406.0575969051855,412.98272524199274
658,643.1814671392613,106647793.0,912.6999999999844,442.6743141787703,470.31563958916433
659,788.3275811549273,106812681.0,897.4304347826006,403.77730722138426,411.28923048372866
660,693.9051101586697,106993884.0,905.599999999987,432.5183686284157,455.18358358357943
661,701.9074834278147,107171041.0,904.4999999999835,418.7725690525702,477.2734114618571
662,671.0609390594935,107353796.0,895.9514170040312,439.41958502832017,490.1291200596522
663,624.3415453577867,107535862.0,905.6999999999883,448.3361169952428,498.6429354876692
664,683.267336061515,107712990.0,898.8636363636219,408.32806930623474,415.0710316192883
665,621.2904764932847,107888298.0,902.2999999999853,454.9745265447763,520.1396703862968
666,646.4028559682772,108070615.0,917.6999999999856,423.82583361303887,469.34523650898853
667,728.056802385482,108255515.0,905.7999999999842,430.54110343523894,425.196961732031
668,528.391954491767,108432370.0,892.6470588235122,445.4070499333422,480.6425041389672
669,650.3826658810344,108618768.0,904.3999999999896,451.0123673083297,521.8695846842594
670,687.5930394172372,108806583.0,910.2999999999888,434.9766291562475,487.0346928499412
671,546.3280502370256,108976364.0,902.1999999999882,412.49422243660985,473.1590534935151
672,661.7245683804251,109157354.0,916.7999999999942,426.3044828415342,423.51153846153534
673,657.440044029638,109340108.0,862.2641509433865,422.15149971707206,462.5196952959542
674,701.6629100535231,109524792.0,904.2538461538314,440.1297107935389,500.5413396234958
675,592.193782575762,109703249.0,908.9999999999858,449.26190430818053,480.80543540005067
676,449.5323858124543,109866060.0,920.2999999999935,422.10350638824616,462.8686054089221
677,588.386711505677,110040863.0,901.4999999999827,406.7070628927437,429.31626811933074
678,631.0833882959794,110222598.0,896.4912280701597,440.4910305120018,476.0370104227303
679,656.0324362386448,110393180.0,908.4999999999927,410.71727662005173,427.5000475330318
680,713.6599172090635,110572953.0,910.499999999987,434.95366028464633,469.95629159103964
681,574.4355029838501,110745714.0,915.7999999999888,436.29434843564724,445.5364008846184
682,674.1392655114299,110933206.0,909.9999999999901,443.6900485867084,472.61503496503053
683,642.1319127725092,111119284.0,909.599999999986,442.1070772525945,482.07971409203793
684,692.2284587040399,111299632.0,901.6999999999856,416.62486624585523,447.10523176550413
685,697.9902671067985,111483688.0,914.1999999999888,439.60401029050934,457.94538408935114
686,588.3902676173047,111663273.0,905.7999999999885,446.6885694760531,432.0600986429738
687,703.2387190581582,111851819.0,914.6999999999927,463.6676347578001,498.0434032398654
688,628.6364831497518,112027644.0,908.5999999999883,433.1070139972204,463.22587405161823
689,661.9342756436697,112207592.0,908.8999999999922,443.84899064470864,457.9579254079205
690,678.9678026413687,112386105.0,914.699999999994,446.77349476326316,458.89934143869755
691,532.9116469171913,112545556.0,910.1999999999887,424.7925045503922,411.95263204380575
692,580.1782680779554,112721797.0,913.5999999999825,442.5775907912197,454.63105253815763
693,626.7769861982339,112901931.0,906.6999999999912,457.30390477441125,480.53255411414716
694,552.3949758838111,113071068.0,913.7999999999861,407.0555308229372,417.6286672030001
695,632.7941552720729,113235406.0,903.2999999999868,399.2028414713388,397.5632505382599
696,567.0894815286952,113409795.0,911.1999999999892,419.8666751846057,436.61785421784907
697,587.3542691914947,113581260.0,905.8999999999857,415.5516171817296,437.10500508416624
698,537.7744339948906,113751689.0,912.6999999999861,410.4573467904725,441.50281690140565
699,693.7844035238353,113929945.0,911.8999999999863,427.7016465301116,474.4903420942803
700,716.935163372098,114109733.0,905.3999999999892,431.84756647483226,482.32456768329956
701,683.1937423961783,114286586.0,907.8999999999847,402.78790501829013,431.7739813703598
702,624.3722388779754,114472987.0,906.0999999999901,445.41455714713214,488.4142857142795
703,680.9966651862115,114656709.0,904.4999999999889,444.0419965905634,463.13519813519224
704,605.1734229060932,114826026.0,907.7999999999887,416.2308903274656,433.9213260192282
705,727.6175635730172,115011305.0,904.4999999999887,438.305157284652,470.88710731604056
706,751.2937461910378,115194591.0,904.1999999999838,430.6234597652155,470.26568391495726
707,668.9540573502662,115379697.0,908.4999999999848,440.60468263400963,481.183349013608
708,722.9097712051965,115569135.0,910.099999999988,460.9638397400802,494.87515196857265
709,679.967520614027,115741984.0,906.799999999986,422.20345578109533,457.0110984383186
710,623.7089183500304,115921195.0,911.5999999999883,442.5598896556896,430.78174091264896
711,644.7585503663754,116114620.0,907.6999999999833,480.7621047826037,517.7359538554233
712,655.5712578663723,116296066.0,904.4999999999836,429.69411542836826,487.8018083661705
713,613.2911241385368,116475757.0,910.6999999999931,417.00045038693594,419.90344780754737
714,678.6275636310143,116649335.0,905.7999999999848,438.2240221937011,483.7041365984413
715,658.992814587388,116834285.0,908.3999999999867,442.5143530673129,502.3900757065509
716,622.8776239762717,117007017.0,904.7999999999867,427.4490857273382,450.3707401887669
717,704.8947774081643,117196396.0,912.9999999999924,444.5077049444588,483.2876358423839
718,620.4313061069602,117381844.0,916.8999999999934,464.02198438529325,507.1653531115727
719,635.3979409933685,117555943.0,908.4999999999882,432.0091834557139,414.6614748910137
720,710.4201347321535,117738941.0,911.8999999999901,439.0423243342209,446.36672994778735
721,666.2991276122503,117924792.0,904.1999999999883,449.2694936473934,488.9065318661361
722,600.3347407571957,118102428.0,911.8999999999871,450.2084524965621,484.50901854279226
723,688.8395060445339,118288035.0,900.7999999999822,445.9600809673137,472.36274777853305
724,675.0794417433949,118478099.0,910.4999999999915,472.87394032850733,530.8046675829285
725,657.5138398003821,118655363.0,907.8999999999866,420.0551531029188,450.17512006779657
726,695.396726001766,118834463.0,910.2999999999882,455.6072034569427,490.98317676443406
727,607.034702328546,119017636.0,910.8999999999934,465.43544588211387,510.19948273480475
728,626.7209142452325,119205354.0,904.8999999999838,450.827712678767,480.4803959513414
729,671.4606794449757,119397214.0,901.899999999986,464.68203589607685,512.4070295506325
730,667.2322187928904,119583706.0,905.3999999999869,422.7653116007383,444.7679098679043
731,746.0072012446278,119778161.0,903.2999999999909,449.55107903835307,492.42948717948127
732,725.4508829887076,119964048.0,896.3235294117486,467.5420472572747,522.4279634546215
733,742.324311532929,120158972.0,912.6999999999865,478.7686517646416,514.4592422754654
734,637.9825817844433,120344812.0,915.2999999999871,480.92047808019447,541.1450867972549
735,642.4049720313224,120525020.0,900.799999999986,453.5756202936817,475.8355704697942
736,751.720823578581,120700217.0,917.7999999999854,448.59438797676506,459.9661489446393
737,725.2319327287003,120885871.0,915.9999999999836,444.6908498282118,480.7211804089442
738,612.9054613649338,121060115.0,916.8999999999879,432.2229607565784,457.87275695759183
739,709.4717505031911,121247480.0,904.5999999999848,446.9399143962809,436.63280583719717
740,669.9217404882468,121431421.0,909.2999999999939,446.92498930546446,492.6094787441735
741,702.6664154423386,121611441.0,908.5317460317364,437.59216599914174,479.648248853075
742,639.1065601562952,121786428.0,923.6999999999888,431.70326824600676,462.288617150396
743,630.7534586685991,121964013.0,903.8999999999899,429.09881216202325,430.2445916114742
744,602.416257437789,122145397.0,908.4999999999916,455.31348699282876,474.2291848079034
745,673.2146652606713,122324247.0,907.0999999999927,432.7161119830444,435.31488970587884
746,643.0356304188466,122503946.0,911.6999999999921,455.9035309011415,481.73498071107736
747,665.7605597674055,122685753.0,904.1999999999905,435.4979386625866,455.6113354037207
748,646.5891258765399,122869939.0,901.999999999984,445.77956115503696,473.9880059969952
749,714.8866447964216,123052210.0,916.599999999987,434.58103190168504,475.6026469768692
750,622.8308517846325,123240333.0,910.3999999999872,456.04184606821383,496.28472568199373
751,582.7223638826306,123418795.0,910.899999999989,464.8305584554686,498.4048228766479
752,682.9044979380592,123603545.0,915.6999999999854,452.57105630291665,447.5099691675156
753,605.4876990247927,123787926.0,902.2999999999906,442.9928202797773,461.63057867135956
754,705.8163193363137,123974794.0,914.6999999999908,445.5239279767983,484.9555395337585
755,606.4615142449815,124151668.0,913.999999999994,429.3561372202364,447.33024922896755
756,663.5220026170674,124338907.0,902.8999999999836,459.1281695180056,495.5923076923034
757,715.1756088543746,124524733.0,905.5999999999879,460.9726305346288,544.5989757212361
758,663.3192237186657,124711917.0,908.2999999999926,485.7535114017948,543.3934397163059
759,730.6401565865865,124905186.0,904.3474308300304,477.29027229660454,535.8035193466757
760,663.2865894834205,125097638.0,908.9999999999822,485.0377650973364,521.9002724499803
761,619.0348721258636,125271856.0,906.6999999999852,449.5243824397489,490.6482093293882
762,668.5781177615263,125457163.0,903.6999999999815,463.12084244624805,487.8055555555519
763,697.0695438589435,125644183.0,913.6999999999929,451.8548025897401,440.99650349650005
764,603.6861167057998,125816818.0,919.0999999999908,441.46544357449204,485.56601272534
765,658.4615236223365,125981849.0,908.7686567164046,436.6550426977838,465.6334524518497
766,650.4639521098202,126170532.0,912.6999999999847,491.3270768332333,536.6852681869602
767,625.7887858236636,126358898.0,906.4999999999823,487.71906391638186,557.0391362140882
768,673.1978202367966,126545261.0,904.699999999992,463.4795644150194,501.07907495189045
769,621.8487163041186,126729270.0,913.4999999999901,478.10922823595473,512.4339935861093
770,591.0985916131422,126903972.0,910.099999999994,438.54000705669205,496.94886112769814
771,555.6221921320988,127074479.0,908.3999999999922,435.6851270361018,444.9783233824734
772,784.0734659187805,127255376.0,908.0999999999907,445.3981489823264,462.32771359075394
773,649.1929536831487,127437374.0,903.6999999999889,456.8610709404468,470.3007936507872
774,645.4703810643405,127616131.0,917.8999999999912,430.12699733012215,437.02889983579155
775,704.0176076468694,127789631.0,904.2999999999828,412.2464570821571,422.7149732925585
776,615.5015643330012,127972371.0,910.0999999999873,470.77533365612874,487.83698244004654
777,650.5113570223813,128149617.0,905.599999999984,439.8576926364217,472.1575611993562
778,708.081427966874,128332285.0,912.7999999999887,474.0931614675867,505.2564928767629
779,678.034437303116,128521501.0,907.4999999999848,467.58287713837746,485.63029775102484
780,681.8960107170024,128703778.0,906.9999999999848,447.66392327850184,477.35313408646175
781,684.6546022974346,128896634.0,910.5999999999918,489.1269435554681,530.9261245674701
782,662.5428070052872,129092066.0,902.5999999999938,483.2122268746354,485.80367647058307
783,672.4094657037912,129277900.0,905.1999999999849,452.22508460991673,464.9944528587606
784,716.6807756943525,129466949.0,910.6999999999847,457.6449635803337,476.01692937518436
785,566.7251389310043,129637042.0,909.4999999999892,465.6269638916757,522.939893125736
786,665.5551402295481,129803723.0,913.7999999999845,430.4857007998719,424.64304051963757
787,613.1256910750554,129984396.0,904.8999999999829,453.32918764870766,476.59906877557927
788,640.100468141684,130171798.0,901.9999999999832,445.31247243422115,436.16127946127506
789,645.1208055228133,130359091.0,908.0159362549717,473.25217907397985,518.5057281577764
790,700.5749198246667,130550900.0,907.6999999999911,479.25111056275097,515.3931667988315
791,632.5801393586162,130734827.0,901.899999999987,453.6173170278511,465.2476014760106
792,680.5615149763502,130917478.0,912.6999999999846,441.51686323149096,458.6168095821374
793,692.8531825763614,131102070.0,908.5999999999897,484.4642550641093,525.1830844798471
794,657.4396087513459,131288407.0,901.5999999999857,463.3668482160107,500.35545670224803
795,731.3727144661922,131475289.0,913.3999999999892,448.057964107882,500.4558660763639
796,666.1475512144825,131667918.0,912.1999999999908,471.2706006031135,466.6662679425774
797,645.1927169639155,131848549.0,908.5999999999824,453.431659766482,490.5377409570547
798,683.3462700603928,132037001.0,911.8999999999876,498.7169435486437,540.067872976794
799,729.4534003379333,132221381.0,909.5999999999909,432.6546677596546,443.5330848089419
800,601.8036595920211,132396253.0,905.8999999999845,448.7198942874271,469.29453319541506
801,724.8185011373682,132569317.0,904.9999999999837,430.1392700141044,431.7842590449693
802,733.284753916053,132757247.0,916.3999999999878,464.1420328281085,476.288072350108
803,657.1652340323412,132939630.0,911.3999999999863,488.61558298564444,520.1064576334388
804,644.3910024961958,133121002.0,916.8999999999853,462.48983960883396,473.3300861745911
805,679.1698456027672,133294029.0,907.8999999999835,437.82060335768205,419.9590368653211
806,623.1391057782402,133465011.0,909.5999999999842,425.94679893570697,447.4666392982108
807,762.9420884744832,133646738.0,915.3999999999942,440.01737381130516,447.53815809023297
808,677.0509338434844,133825387.0,906.2999999999885,453.80267616532564,508.588888888883
809,693.655200371033,134011428.0,909.799999999989,467.23981522949515,493.50712155107624
810,713.8652785288652,134199608.0,914.299999999993,468.3734591113271,497.58076923076226
811,512.7464909954037,134371311.0,918.1999999999927,455.1475832724842,459.05954239373057
812,594.4483367156413,134541703.0,910.0999999999902,446.6464303906265,458.2653622799929
813,646.6666662829314,134717136.0,913.2999999999909,446.3289864378369,448.4537483266347
814,683.69471149386,134902518.0,911.0999999999844,474.3197449651407,487.5354541890979
815,751.7929036082414,135101301.0,904.3999999999897,470.5898913248564,485.67503805174647
816,627.8813257043757,135283642.0,908.8999999999879,424.7924733651279,454.403880070543
817,663.5777278507187,135468318.0,908.1999999999881,459.3649302129893,473.4210526315742
818,615.8147969922077,135642444.0,910.1999999999905,434.0040492652272,434.0674920988545
819,618.2136078268916,135815802.0,910.5999999999846,454.5525104192473,458.2696587190245
820,709.634896416733,135996920.0,908.9999999999869,436.6670840520153,433.84976286158707
821,683.6759353095935,136172620.0,902.6999999999839,422.8005436450435,424.4230837789611
822,610.3860383155178,136349475.0,916.1999999999944,443.05530309333096,455.66038961038424
823,625.7277136754121,136521322.0,909.9999999999867,416.3967515036787,434.6674027339593
824,630.6616292035172,136696964.0,904.4999999999897,438.9179600143912,472.43358431070055
825,713.2959406828784,136881034.0,909.2999999999879,428.91652501795323,456.89341295692617
826,726.3797736973612,137067423.0,904.0999999999847,445.38759245059885,478.60730212007485
827,657.8843760692446,137249002.0,915.7999999999852,455.679498469821,481.3291183579769
828,697.7990020019995,137429985.0,908.5999999999862,419.36405726826285,419.10766904892523
829,687.5550355876593,137610605.0,905.7999999999837,427.5606780600733,467.22072207721874
830,717.2711777516499,137796545.0,919.1999999999852,443.4736101680895,453.48783581228605
831,746.7584310245254,137982747.0,906.4999999999917,424.86633663605477,427.8347575304392
832,701.2850203400322,138174485.0,909.1999999999933,442.6374132017131,475.9136166139761
833,662.3277523889102,138364146.0,912.0999999999848,450.55914206024795,476.80947563407966
834,690.6223852366502,138556964.0,916.9999999999939,467.2923045181643,525.765364247882
835,617.7154305335042,138731565.0,913.3999999999886,460.288050509047,468.7895477677075
836,738.3204648602014,138921078.0,907.7999999999902,464.27927300219125,504.5356129176366
837,667.1851425722145,139113239.0,903.1999999999848,472.0237215923074,496.2197964002878
838,621.678090241848,139302587.0,913.7999999999857,480.56804359343863,493.641651031891
839,710.7944242760994,139498028.0,904.399999999984,470.4200125018574,494.4782848151023
840,628.4829420511389,139685873.0,903.4999999999903,457.24173639001,485.19993363198284
841,665.3812197642748,139870589.0,911.8999999999932,438.4362828247932,471.6426006092611
842,658.8797823496814,140055776.0,906.1999999999874,440.01963613879207,489.16751349216315
843,698.5645670875826,140247752.0,908.6999999999862,447.1873383625316,470.1132733408275
844,686.1100336754471,140428503.0,916.9999999999866,432.4265461174516,436.1908309903121
845,666.7838363247959,140613795.0,903.5999999999848,431.91395692304724,466.1777777777727
846,719.155315444421,140791398.0,907.4999999999828,428.52745269863385,478.78053733207787
847,598.0593255131186,140975033.0,918.6999999999944,475.5628152696798,525.8274325802629
848,731.0950672527631,141159552.0,907.4999999999908,445.3802790707515,493.2930718288287
849,670.9187753968328,141345273.0,906.099999999983,450.5106105860322,495.3670198197706
850,695.2639319515448,141528026.0,909.399999999989,438.5433454991276,508.3773161933767
851,667.1708454711078,141705008.0,908.7999999999861,440.9857212708643,460.4058558558516
852,607.9488330978344,141879437.0,900.7999999999846,424.39725264025196,433.2486854608768
853,665.7854346622632,142064088.0,911.4999999999907,452.7995026371615,483.27517035652517
854,684.1508108213837,142249815.0,906.9999999999907,440.3432551887542,470.13896042676765
855,710.4933317558883,142435343.0,904.2999999999857,423.1376706790231,458.9236475747266
856,630.417246295348,142617299.0,905.3999999999902,440.9373874191617,467.04760846960664
857,645.9863166828179,142805069.0,903.4999999999853,440.08579280590646,464.1338649155673
858,600.3146633687968,142985413.0,906.7999999999843,453.7266851824327,505.0284443314639
859,705.2625179291384,143169067.0,907.099999999993,430.49545254077964,462.314141414136
860,616.1513641781114,143350674.0,903.1999999999882,425.3763049596539,471.0190424380744
861,664.5808550719919,143549912.0,901.8999999999913,449.58716252210087,498.3726006191902
862,612.2330475322519,143738381.0,900.099999999992,443.1155523544336,491.422388041118
863,702.2255662170691,143924834.0,911.199999999991,444.830877788205,503.2398080180627
864,653.6616532831075,144105154.0,905.0999999999902,413.45541213370603,451.4070175438554
865,634.2287688604592,144287434.0,903.1999999999927,435.51984241803916,481.51445804400805
866,645.5848509537316,144467539.0,917.4999999999925,433.11353269891464,460.0462035673329
867,603.155329824253,144642681.0,907.8999999999875,425.1644646630901,443.92501514866115
868,589.1897379403518,144829403.0,908.8999999999869,481.98251431773735,508.99916990461963
869,724.2322787569633,145019853.0,904.6999999999853,468.41678124021814,489.6210912207132
870,522.1834905692227,145185713.0,918.9999999999905,440.5958948750823,485.6648561038421
871,663.9239966523452,145357124.0,905.8999999999908,432.3548267436232,469.1996092080281
872,648.1301758807016,145536340.0,904.6999999999877,434.4145973455336,441.4959039209054
873,664.4591659591357,145705272.0,888.5496183206013,426.38810005876576,452.2210675633041
874,539.030569059459,145873252.0,914.0999999999897,432.51610191830537,471.36813898703934
875,579.0536909593986,146050151.0,878.4436090225402,436.7670926821232,460.14210367690845
876,647.1924254021553,146227975.0,900.6999999999921,405.9748938502039,426.3412475787319
877,716.181334830935,146417425.0,908.3999999999932,436.2285911813749,456.8930949943369
878,593.9251474409297,146593399.0,903.2999999999829,435.97785727002724,451.9504969826028
879,715.8053388045157,146777038.0,904.7999999999822,458.42776988665616,503.71450924608166
880,671.6918342954012,146956538.0,906.9999999999909,453.41769585876654,485.3673836998872
881,607.6689265977673,147126297.0,933.3999999999897,424.76832211453205,441.47633666824385
882,631.5299147344724,147306340.0,903.7999999999842,419.034288992723,450.44960805513915
883,663.522562371799,147480421.0,908.399999999985,405.6323122793254,420.18581293157183
884,752.501017167816,147659570.0,906.8999999999904,401.44059356289023,413.24906473500425
885,716.2677716969239,147847718.0,903.1999999999831,455.6506411957614,487.04794362855785
886,644.698928838903,148030414.0,909.7999999999843,432.6833900027741,459.7624480275772
887,730.4309165728644,148208191.0,909.7999999999886,412.1170881991547,443.4101633056995
888,597.8363216315286,148380028.0,901.999999999987,415.2374748509112,441.23015873015584
889,723.6369859772755,148560586.0,913.6999999999899,441.7166030649428,476.7223079929596
890,648.8800339348417,148739435.0,909.0999999999888,423.9596838627415,463.14527501349676
891,714.5072401516719,148914236.0,913.6999999999896,419.71952607067425,440.41195652173667
892,631.9311965543818,149092912.0,902.5999999999898,413.0671379818879,440.5043774484708
893,540.6078887244522,149274647.0,905.9999999999866,444.726649371565,485.41720902731544
894,612.9775943998691,149455715.0,908.6999999999924,430.2005775226586,440.9225752508298
895,581.6839854544361,149632470.0,908.0999999999933,417.88797466986466,444.0102830874729
896,617.0047550127596,149813301.0,908.1999999999898,431.43263013349076,471.8147447781437
897,691.210272610688,150002427.0,900.8999999999879,440.13584489388137,470.1277357437408
898,631.1033782754165,150177069.0,905.6999999999853,409.8681848537256,411.1769134645399
899,700.2415224975477,150359145.0,892.2480620154956,434.0285755057869,454.91766784451954
900,607.8386554769475,150540172.0,914.5999999999923,440.65959799320905,460.7911574338433
901,638.1817081073898,150723089.0,908.499999999985,429.3115198939519,464.24222872328414
902,651.7924802323672,150907720.0,906.2999999999852,437.07393744042895,466.4113845102271
903,644.2138736508443,151088004.0,913.9999999999869,429.07968313449607,443.15448209564727
904,607.5345825876303,151262156.0,907.4999999999872,409.0261987914117,432.0430934573102
905,644.2307866194252,151443750.0,906.7999999999903,437.13650319958157,458.1533571915438
906,640.2429754670244,151626027.0,886.2559845559686,411.8214339750359,430.7284974683378
907,621.9791586666711,151804167.0,908.299999999992,409.65245243511424,433.7412840120229
908,639.7895749593733,151994064.0,903.8999999999882,436.697110708738,475.98718091009346
909,637.9011437005192,152174606.0,911.8999999999919,429.59169068605433,464.8198060636124
910,662.2842870966332,152358609.0,910.0999999999918,461.2442803323565,500.9554140127312
911,638.3481493440615,152538607.0,906.499999999986,446.33693779804656,471.35130682521293
912,682.3035562149707,152724110.0,902.5999999999856,438.8248357805554,490.4477225672812
913,608.1680059160739,152898138.0,913.3999999999913,426.15936320399095,441.70366832480005
914,541.7227959883916,153075873.0,905.599999999988,453.4023913586937,486.57898296409587
915,652.7617015177703,153255534.0,908.5999999999898,440.7691392580136,464.5059182865863
916,695.3977843841601,153428014.0,908.7999999999917,428.8991338949735,460.3280088578715
917,691.2168780159648,153611313.0,912.4999999999942,433.666735583367,454.301128936419
918,611.4639414956325,153794395.0,917.6999999999883,453.1997564628081,499.0036842543909
919,735.2183004095983,153976364.0,907.3999999999855,437.57259003232633,485.0344797010516
920,692.1049074547341,154158306.0,911.7999999999919,421.98587358871686,481.821644446798
921,739.6054321769935,154353257.0,905.4999999999931,471.59031380524436,485.4406471453338
922,605.2112855387777,154523058.0,909.4999999999856,414.12309237943555,407.5411233547561
923,642.1164663563451,154703276.0,908.7999999999882,429.552673249759,463.59143545251936
924,673.254779460431,154888039.0,900.3999999999871,435.5161154091355,454.63783783783447
925,667.9413448804378,155068197.0,906.3999999999834,431.7689406257206,481.1323154398309
926,676.4971430299935,155243460.0,904.2999999999857,434.38716925588227,484.3942996742629
927,589.7601063600266,155431546.0,906.9999999999891,466.02544687677886,508.26930038069827
928,524.7139400475146,155600324.0,922.499999999994,417.6756360384074,434.8614257026031
929,709.9029862211249,155791649.0,915.7999999999864,469.3657270029794,540.4384942749948
930,727.7618368806259,155972539.0,905.4999999999878,430.08156406340976,490.67940610980213
931,612.2461427170135,156149712.0,903.5999999999854,423.0966957706629,448.003397627754
932,622.1328423067641,156317849.0,900.599999999992,424.6585488450586,464.4042802719837
933,640.4084618632229,156492438.0,889.5104895104754,401.7743030086902,424.0050821667631
934,657.4805873031644,156683016.0,902.299999999985,438.2052709828828,460.45452220327167
935,683.625168468511,156863690.0,905.0999999999929,428.6936159869515,488.04081697477295
936,648.4849784220386,157032856.0,912.6999999999882,435.2861591851772,445.76417722872577
937,580.5509949683449,157208148.0,912.699999999987,420.80834369631907,440.23338383142516
938,689.6673420382924,157393118.0,916.5999999999847,436.9303787190339,500.25371721381947
939,741.7441787964308,157577572.0,908.3999999999855,436.34064069663253,495.14592019058307
940,705.4067578772945,157760286.0,909.5999999999923,435.10629761719974,519.5874183006463
941,734.076850580589,157951304.0,910.6999999999882,446.038852811032,484.71783181357114
942,596.5513208630103,158141904.0,905.3999999999834,470.97159405589116,517.2228333944448
943,680.9741665299637,158321242.0,908.2999999999943,434.9711348480401,468.4924433975823
944,524.9483515492761,158491528.0,922.7999999999955,421.6351638003135,495.43494314631573
945,650.4538572939865,158666777.0,909.2999999999911,442.7787653670582,484.1890049977234
946,517.482812809296,158836442.0,908.9999999999864,433.9050462964273,476.4590347923616
947,602.3393257216002,159012033.0,914.5999999999889,441.92797155049266,504.6733846985618
948,650.3719865247165,159193087.0,908.6999999999917,467.0844071040048,506.0268351383836
949,660.0985514568385,159372701.0,917.0999999999846,448.81956345894577,493.0359200804395
950,649.282028872507,159549529.0,913.0999999999907,434.0829392266563,462.2542839523567
951,688.0779142320633,159734421.0,915.999999999985,444.83039075245296,478.0137728353967
952,666.204788363634,159910016.0,907.3999999999917,424.675452920024,459.6347314201563
953,740.8457856608264,160098206.0,902.6999999999886,448.64356177072557,472.06977066033494
954,645.8751846530433,160283303.0,907.4999999999909,425.0773043094619,475.63712286661234
955,640.8559685206594,160466786.0,901.3999999999837,442.22168509605365,495.6081388396972
956,742.3139764158389,160643308.0,906.1999999999904,442.74576521435074,505.8444181646112
957,685.9642579303663,160817969.0,904.0999999999885,408.96293648889883,442.7493258842553
958,636.6280626501416,160987341.0,890.0990099009801,413.369832666413,431.7122807017489
959,675.8441547527717,161166644.0,905.0999999999865,434.8460827286655,465.2370222877345
960,622.3801528223277,161351524.0,903.1999999999856,449.41133365565986,474.28531230221836
961,692.5969821248149,161542164.0,904.9999999999915,459.8818131832598,522.8682114578417
962,663.526952711828,161731758.0,913.899999999992,461.95662651545996,532.810731169232
963,707.1222251471629,161908726.0,908.5999999999925,417.53222990278505,481.8332046331985
964,722.6636117343114,162091274.0,909.7999999999935,437.8850596490629,495.96466381931805
965,688.9117241046399,162277740.0,905.5999999999927,432.8180884424197,476.1379432127251
966,684.5802073512167,162469680.0,909.4999999999907,480.8725325241542,563.9207839848991
967,708.6995696712099,162656348.0,907.4999999999845,445.10654998311713,516.6616218152992
968,773.8300821731643,162846878.0,908.9999999999934,445.89704336713163,523.1255489021868
969,650.8428441849547,163024868.0,910.3999999999917,445.7840739012009,510.8062894255852
970,715.7768284912665,163205174.0,904.199999999983,431.13355716235606,475.71488583571704
971,666.6967369000988,163387985.0,901.2999999999839,454.68989521811045,546.7833844000072
972,665.4637049957953,163564725.0,914.099999999985,425.3867373719376,454.98038833466603
973,691.9687326677229,163749866.0,905.599999999985,464.74203670894366,551.9104084321386
974,658.2668357704814,163938424.0,910.4999999999923,474.39306344020855,541.016817606382
975,655.9166438702521,164121510.0,909.7999999999918,432.3457501573559,467.3214465098496
976,667.5520938281991,164314127.0,912.0999999999877,468.5341859616685,511.8680718188847
977,680.8719187055278,164501021.0,909.5999999999839,454.2979180568605,502.50448997213016
978,718.8308349999734,164692593.0,910.2999999999922,466.2849106813025,514.4860234360197
979,680.0575899760818,164882101.0,919.699999999988,473.6431077678484,558.5551618339657
980,651.4252089026238,165067191.0,907.6999999999864,438.63155432739154,457.85515873015436
981,687.3333835454632,165258636.0,908.2999999999921,485.85166484394443,545.7179086564132
982,714.6666414885591,165448969.0,907.2999999999943,460.27845223061524,525.1188741721803
983,703.8181548025397,165634476.0,912.6999999999936,455.86703123001223,530.3065576562698
984,680.2049673566079,165817526.0,906.599999999984,469.0632112641875,499.31759259258797
985,711.1619684539698,166011118.0,910.3999999999893,493.30567389795846,587.4429898231301
986,675.2292580061669,166197100.0,917.2999999999922,472.2500999733161,544.1816994802671
987,728.8274015479849,166381275.0,909.0999999999876,476.3943104226731,536.4595007641301
988,714.0330399669782,166568490.0,901.961181434591,463.83813778027,535.0883835803018
989,729.33951752796,166757866.0,914.6999999999923,476.4947139611098,547.4541501976245
990,735.7827721169513,166949756.0,915.0999999999879,496.91261891600993,580.8166295884241
991,752.6001244040762,167139143.0,906.3999999999834,483.9350115528357,552.6626821370689
992,739.5221791535016,167324583.0,914.4999999999895,457.3831914523452,523.6781609195293
993,709.8553071980958,167516018.0,907.699999999986,477.82510740612435,557.7523687004737
994,767.2638404617767,167705277.0,917.9999999999854,493.16153648927997,558.2624827842426
995,656.7724095407082,167893286.0,911.8999999999915,497.147129150935,570.9411169438924
996,703.3603652105405,168079914.0,915.2999999999864,479.3497302972962,528.5212574850226
997,720.7666699856356,168275065.0,909.1999999999848,496.0870239768785,585.3375077039707
998,742.4061624320963,168475259.0,913.4999999999917,498.3317391090735,575.2360648661888
999,732.8872817581288,168663157.0,916.8999999999846,495.3236717207179,600.7647045350334
